timestamp,exchange,symbol,price,amount,side
1738124786.018,binance,btcusdt,102084.45,0.00097,sell
1738124786.031,binance,btcusdt,102084.46,0.003,buy
1738124786.039,binance,btcusdt,102084.46,0.0148,buy
1738124786.046,binance,btcusdt,102084.46,0.00025,buy
1738124786.32,binance,btcusdt,102084.46,0.00025,buy
1738124786.615,binance,btcusdt,102084.45,0.00015,sell
1738124786.86,binance,btcusdt,102084.46,0.003,buy
1738124786.867,binance,btcusdt,102084.46,0.00083,buy
1738124786.867,binance,btcusdt,102084.46,6e-05,buy
1738124786.867,binance,btcusdt,102084.46,6e-05,buy
1738124786.867,binance,btcusdt,102084.46,0.01385,buy
1738124786.944,binance,btcusdt,102084.46,9e-05,buy
1738124787.055,binance,btcusdt,102084.46,0.00565,buy
1738124787.055,binance,btcusdt,102084.46,6e-05,buy
1738124787.055,binance,btcusdt,102084.46,6e-05,buy
1738124787.055,binance,btcusdt,102084.46,0.00011,buy
1738124787.055,binance,btcusdt,102084.46,6e-05,buy
1738124787.055,binance,btcusdt,102084.46,6e-05,buy
1738124787.055,binance,btcusdt,102084.46,6e-05,buy
1738124787.055,binance,btcusdt,102084.46,6e-05,buy
1738124787.055,binance,btcusdt,102084.46,6e-05,buy
1738124787.055,binance,btcusdt,102084.46,0.00382,buy
1738124787.055,binance,btcusdt,102084.46,6e-05,buy
1738124787.055,binance,btcusdt,102084.46,6e-05,buy
1738124787.055,binance,btcusdt,102084.46,0.00202,buy
1738124787.062,binance,btcusdt,102084.57,6e-05,buy
1738124787.062,binance,btcusdt,102084.57,6e-05,buy
1738124787.07,binance,btcusdt,102084.57,6e-05,buy
1738124787.07,binance,btcusdt,102084.57,6e-05,buy
1738124787.07,binance,btcusdt,102084.57,6e-05,buy
1738124787.07,binance,btcusdt,102084.57,6e-05,buy
1738124787.07,binance,btcusdt,102084.57,6e-05,buy
1738124787.07,binance,btcusdt,102084.57,6e-05,buy
1738124787.07,binance,btcusdt,102084.57,6e-05,buy
1738124787.07,binance,btcusdt,102084.57,6e-05,buy
1738124787.071,binance,btcusdt,102084.57,6e-05,buy
1738124787.071,binance,btcusdt,102084.57,6e-05,buy
1738124787.076,binance,btcusdt,102084.58,6e-05,buy
1738124787.076,binance,btcusdt,102084.58,6e-05,buy
1738124787.081,binance,btcusdt,102084.58,0.00102,buy
1738124787.081,binance,btcusdt,102084.58,6e-05,buy
1738124787.081,binance,btcusdt,102084.58,6e-05,buy
1738124787.081,binance,btcusdt,102084.58,6e-05,buy
1738124787.081,binance,btcusdt,102084.58,6e-05,buy
1738124787.081,binance,btcusdt,102084.58,6e-05,buy
1738124787.081,binance,btcusdt,102084.58,6e-05,buy
1738124787.081,binance,btcusdt,102084.58,6e-05,buy
1738124787.081,binance,btcusdt,102084.58,6e-05,buy
1738124787.081,binance,btcusdt,102084.58,6e-05,buy
1738124787.081,binance,btcusdt,102085.43,6e-05,buy
1738124787.096,binance,btcusdt,102085.44,6e-05,buy
1738124787.096,binance,btcusdt,102085.44,6e-05,buy
1738124787.096,binance,btcusdt,102085.44,6e-05,buy
1738124787.096,binance,btcusdt,102085.44,6e-05,buy
1738124787.096,binance,btcusdt,102085.44,6e-05,buy
1738124787.096,binance,btcusdt,102085.44,6e-05,buy
1738124787.096,binance,btcusdt,102085.44,6e-05,buy
1738124787.096,binance,btcusdt,102085.44,6e-05,buy
1738124787.096,binance,btcusdt,102085.44,6e-05,buy
1738124787.096,binance,btcusdt,102085.58,6e-05,buy
1738124787.096,binance,btcusdt,102085.59,6e-05,buy
1738124787.096,binance,btcusdt,102085.6,6e-05,buy
1738124787.096,binance,btcusdt,102085.61,5e-05,buy
1738124787.096,binance,btcusdt,102085.61,6e-05,buy
1738124787.096,binance,btcusdt,102087.39,6e-05,buy
1738124787.096,binance,btcusdt,102087.39,6e-05,buy
1738124787.096,binance,btcusdt,102087.4,0.00096,buy
1738124787.096,binance,btcusdt,102087.4,6e-05,buy
1738124787.096,binance,btcusdt,102087.65,5e-05,buy
1738124787.096,binance,btcusdt,102087.65,6e-05,buy
1738124787.096,binance,btcusdt,102087.74,0.00012,buy
1738124787.096,binance,btcusdt,102087.99,0.00019,buy
1738124787.096,binance,btcusdt,102088.79,6e-05,buy
1738124787.096,binance,btcusdt,102088.8,0.00756,buy
1738124787.096,binance,btcusdt,102089.99,6e-05,buy
1738124787.096,binance,btcusdt,102089.99,7e-05,buy
1738124787.096,binance,btcusdt,102089.99,7e-05,buy
1738124787.096,binance,btcusdt,102090.0,0.00059,buy
1738124787.096,binance,btcusdt,102090.0,0.0342,buy
1738124787.096,binance,btcusdt,102090.83,8e-05,buy
1738124787.096,binance,btcusdt,102090.83,8e-05,buy
1738124787.096,binance,btcusdt,102090.83,6e-05,buy
1738124788.118,binance,btcusdt,102090.83,0.00072,sell
1738124792.094,binance,btcusdt,102090.83,0.0001,sell
1738124792.288,binance,btcusdt,102090.84,6e-05,buy
1738124792.288,binance,btcusdt,102090.84,6e-05,buy
1738124792.288,binance,btcusdt,102090.84,6e-05,buy
1738124792.288,binance,btcusdt,102090.84,6e-05,buy
1738124792.288,binance,btcusdt,102090.84,6e-05,buy
1738124792.288,binance,btcusdt,102090.84,6e-05,buy
1738124792.288,binance,btcusdt,102090.84,6e-05,buy
1738124792.288,binance,btcusdt,102090.84,8e-05,buy
1738124794.09,binance,btcusdt,102090.83,8e-05,sell
1738124794.736,binance,btcusdt,102090.84,3e-05,buy
1738124794.736,binance,btcusdt,102090.84,0.06204,buy
1738124794.736,binance,btcusdt,102090.84,0.02544,buy
1738124795.526,binance,btcusdt,102090.83,0.09212,sell
1738124795.919,binance,btcusdt,102090.84,0.00024,buy
1738124796.229,binance,btcusdt,102090.83,0.00304,sell
1738124798.225,binance,btcusdt,102090.83,0.0095,sell
1738124798.225,binance,btcusdt,102090.83,0.0095,sell
1738124798.225,binance,btcusdt,102090.83,0.02999,sell
1738124798.225,binance,btcusdt,102090.83,0.02932,sell
1738124798.225,binance,btcusdt,102090.83,0.08561,sell
1738124798.225,binance,btcusdt,102090.83,9e-05,sell
1738124798.225,binance,btcusdt,102090.83,0.17424,sell
1738124798.225,binance,btcusdt,102090.83,0.17784,sell
1738124798.225,binance,btcusdt,102090.83,6e-05,sell
1738124798.225,binance,btcusdt,102090.83,5e-05,sell
1738124798.225,binance,btcusdt,102090.83,6e-05,sell
1738124798.225,binance,btcusdt,102090.83,6e-05,sell
1738124798.225,binance,btcusdt,102090.83,6e-05,sell
1738124798.225,binance,btcusdt,102090.83,6e-05,sell
1738124798.225,binance,btcusdt,102090.83,6e-05,sell
1738124798.225,binance,btcusdt,102090.83,6e-05,sell
1738124798.225,binance,btcusdt,102090.83,6e-05,sell
1738124798.225,binance,btcusdt,102090.83,0.00011,sell
1738124798.225,binance,btcusdt,102090.83,6e-05,sell
1738124798.225,binance,btcusdt,102090.83,6e-05,sell
1738124798.225,binance,btcusdt,102090.83,0.01959,sell
1738124798.225,binance,btcusdt,102090.83,0.00081,sell
1738124798.225,binance,btcusdt,102090.83,0.00078,sell
1738124798.225,binance,btcusdt,102090.83,0.00012,sell
1738124798.225,binance,btcusdt,102090.83,0.00078,sell
1738124798.225,binance,btcusdt,102090.83,0.00078,sell
1738124798.225,binance,btcusdt,102090.83,0.0076,sell
1738124798.225,binance,btcusdt,102090.83,0.00096,sell
1738124798.225,binance,btcusdt,102090.83,6e-05,sell
1738124798.225,binance,btcusdt,102090.83,0.00112,sell
1738124798.225,binance,btcusdt,102090.83,5e-05,sell
1738124798.225,binance,btcusdt,102090.83,0.00979,sell
1738124798.225,binance,btcusdt,102090.83,6e-05,sell
1738124798.225,binance,btcusdt,102090.83,6e-05,sell
1738124798.225,binance,btcusdt,102090.83,0.00099,sell
1738124798.225,binance,btcusdt,102090.83,8e-05,sell
1738124798.225,binance,btcusdt,102090.83,0.00046,sell
1738124798.226,binance,btcusdt,102090.73,6e-05,sell
1738124798.226,binance,btcusdt,102090.73,6e-05,sell
1738124798.226,binance,btcusdt,102090.73,6e-05,sell
1738124798.226,binance,btcusdt,102090.56,6e-05,sell
1738124798.226,binance,btcusdt,102090.56,6e-05,sell
1738124798.226,binance,btcusdt,102090.56,6e-05,sell
1738124798.226,binance,btcusdt,102090.56,6e-05,sell
1738124798.226,binance,btcusdt,102090.56,6e-05,sell
1738124798.226,binance,btcusdt,102090.56,6e-05,sell
1738124798.226,binance,btcusdt,102090.55,6e-05,sell
1738124798.226,binance,btcusdt,102090.55,6e-05,sell
1738124798.226,binance,btcusdt,102090.55,6e-05,sell
1738124798.226,binance,btcusdt,102090.55,6e-05,sell
1738124798.226,binance,btcusdt,102090.55,6e-05,sell
1738124798.226,binance,btcusdt,102090.55,5e-05,sell
1738124798.226,binance,btcusdt,102090.55,6e-05,sell
1738124798.226,binance,btcusdt,102090.55,5e-05,sell
1738124798.226,binance,btcusdt,102090.55,5e-05,sell
1738124798.226,binance,btcusdt,102090.55,5e-05,sell
1738124798.226,binance,btcusdt,102090.55,5e-05,sell
1738124798.226,binance,btcusdt,102090.55,5e-05,sell
1738124798.226,binance,btcusdt,102090.55,5e-05,sell
1738124798.226,binance,btcusdt,102090.55,5e-05,sell
1738124798.226,binance,btcusdt,102090.55,5e-05,sell
1738124798.226,binance,btcusdt,102090.55,5e-05,sell
1738124798.226,binance,btcusdt,102090.54,6e-05,sell
1738124798.226,binance,btcusdt,102090.54,6e-05,sell
1738124798.226,binance,btcusdt,102090.54,6e-05,sell
1738124798.226,binance,btcusdt,102090.05,6e-05,sell
1738124798.226,binance,btcusdt,102090.05,6e-05,sell
1738124798.226,binance,btcusdt,102090.05,6e-05,sell
1738124798.226,binance,btcusdt,102090.04,6e-05,sell
1738124798.226,binance,btcusdt,102090.04,6e-05,sell
1738124798.226,binance,btcusdt,102090.04,6e-05,sell
1738124798.226,binance,btcusdt,102090.0,6e-05,sell
1738124798.226,binance,btcusdt,102090.0,6e-05,sell
1738124798.226,binance,btcusdt,102090.0,6e-05,sell
1738124798.226,binance,btcusdt,102089.99,6e-05,sell
1738124798.226,binance,btcusdt,102089.99,6e-05,sell
1738124798.226,binance,btcusdt,102089.98,6e-05,sell
1738124798.226,binance,btcusdt,102089.98,6e-05,sell
1738124798.226,binance,btcusdt,102089.96,6e-05,sell
1738124798.226,binance,btcusdt,102089.96,6e-05,sell
1738124798.226,binance,btcusdt,102089.96,6e-05,sell
1738124798.226,binance,btcusdt,102089.96,6e-05,sell
1738124798.226,binance,btcusdt,102089.96,6e-05,sell
1738124798.226,binance,btcusdt,102089.95,0.04835,sell
1738124798.226,binance,btcusdt,102089.95,6e-05,sell
1738124798.226,binance,btcusdt,102089.95,6e-05,sell
1738124798.226,binance,btcusdt,102089.83,5e-05,sell
1738124798.226,binance,btcusdt,102089.83,6e-05,sell
1738124798.226,binance,btcusdt,102089.83,6e-05,sell
1738124798.226,binance,btcusdt,102089.71,5e-05,sell
1738124798.226,binance,btcusdt,102089.71,6e-05,sell
1738124798.226,binance,btcusdt,102089.71,6e-05,sell
1738124798.226,binance,btcusdt,102089.28,6e-05,sell
1738124798.226,binance,btcusdt,102089.28,6e-05,sell
1738124798.226,binance,btcusdt,102088.13,5e-05,sell
1738124798.226,binance,btcusdt,102087.6,0.00754,sell
1738124798.226,binance,btcusdt,102086.64,5e-05,sell
1738124798.226,binance,btcusdt,102085.45,6e-05,sell
1738124798.226,binance,btcusdt,102085.45,6e-05,sell
1738124798.226,binance,btcusdt,102085.45,6e-05,sell
1738124798.226,binance,btcusdt,102085.43,0.64,sell
1738124798.226,binance,btcusdt,102085.33,0.00758,sell
1738124798.226,binance,btcusdt,102085.2,5e-05,sell
1738124798.226,binance,btcusdt,102084.45,5e-05,sell
1738124798.226,binance,btcusdt,102084.45,0.00758,sell
1738124798.226,binance,btcusdt,102084.45,0.00038,sell
1738124798.226,binance,btcusdt,102084.45,0.03267,sell
1738124798.227,binance,btcusdt,102083.23,8e-05,sell
1738124798.227,binance,btcusdt,102082.18,0.04897,sell
1738124798.227,binance,btcusdt,102081.57,0.08136,sell
1738124798.227,binance,btcusdt,102081.57,0.16864,sell
1738124798.227,binance,btcusdt,102081.47,6e-05,sell
1738124798.227,binance,btcusdt,102081.47,6e-05,sell
1738124798.227,binance,btcusdt,102081.46,0.00979,sell
1738124798.227,binance,btcusdt,102081.46,0.00979,sell
1738124798.227,binance,btcusdt,102081.46,0.00979,sell
1738124798.227,binance,btcusdt,102081.46,0.00979,sell
1738124798.227,binance,btcusdt,102081.46,0.00979,sell
1738124798.227,binance,btcusdt,102081.46,0.00979,sell
1738124798.227,binance,btcusdt,102081.46,0.00979,sell
1738124798.227,binance,btcusdt,102081.38,0.04869,sell
1738124798.228,binance,btcusdt,102080.16,5e-05,sell
1738124798.228,binance,btcusdt,102079.58,5e-05,sell
1738124798.228,binance,btcusdt,102079.56,0.003,sell
1738124798.228,binance,btcusdt,102079.51,5e-05,sell
1738124798.228,binance,btcusdt,102079.33,0.04897,sell
1738124798.228,binance,btcusdt,102079.09,0.04602,sell
1738124798.228,binance,btcusdt,102079.09,0.00295,sell
1738124798.23,binance,btcusdt,102078.76,0.00749,sell
1738124798.23,binance,btcusdt,102078.76,0.03295,sell
1738124798.233,binance,btcusdt,102081.46,5e-05,sell
1738124798.233,binance,btcusdt,102081.46,5e-05,sell
1738124798.233,binance,btcusdt,102081.46,5e-05,sell
1738124798.233,binance,btcusdt,102081.46,5e-05,sell
1738124798.233,binance,btcusdt,102081.46,5e-05,sell
1738124798.233,binance,btcusdt,102081.46,5e-05,sell
1738124798.233,binance,btcusdt,102081.46,5e-05,sell
1738124798.233,binance,btcusdt,102081.46,5e-05,sell
1738124798.233,binance,btcusdt,102081.46,5e-05,sell
1738124798.233,binance,btcusdt,102081.46,5e-05,sell
1738124798.233,binance,btcusdt,102081.38,5e-05,sell
1738124798.233,binance,btcusdt,102081.38,5e-05,sell
1738124798.233,binance,btcusdt,102081.38,5e-05,sell
1738124798.233,binance,btcusdt,102081.38,5e-05,sell
1738124798.233,binance,btcusdt,102081.38,5e-05,sell
1738124798.233,binance,btcusdt,102081.38,5e-05,sell
1738124798.233,binance,btcusdt,102081.38,5e-05,sell
1738124798.233,binance,btcusdt,102081.38,5e-05,sell
1738124798.233,binance,btcusdt,102081.38,5e-05,sell
1738124798.233,binance,btcusdt,102081.38,5e-05,sell
1738124798.291,binance,btcusdt,102079.19,6e-05,sell
1738124798.291,binance,btcusdt,102079.19,6e-05,sell
1738124798.291,binance,btcusdt,102079.19,6e-05,sell
1738124798.291,binance,btcusdt,102079.19,6e-05,sell
1738124798.291,binance,btcusdt,102079.19,6e-05,sell
1738124798.291,binance,btcusdt,102079.1,6e-05,sell
1738124798.291,binance,btcusdt,102079.1,6e-05,sell
1738124798.291,binance,btcusdt,102079.1,6e-05,sell
1738124798.416,binance,btcusdt,102078.92,6e-05,sell
1738124798.416,binance,btcusdt,102078.92,6e-05,sell
1738124798.416,binance,btcusdt,102078.92,6e-05,sell
1738124798.416,binance,btcusdt,102078.92,6e-05,sell
1738124798.416,binance,btcusdt,102078.92,6e-05,sell
1738124798.416,binance,btcusdt,102078.92,6e-05,sell
1738124798.416,binance,btcusdt,102078.92,6e-05,sell
1738124798.416,binance,btcusdt,102078.92,6e-05,sell
1738124798.416,binance,btcusdt,102078.92,5e-05,sell
1738124798.416,binance,btcusdt,102078.92,6e-05,sell
1738124798.416,binance,btcusdt,102078.92,6e-05,sell
1738124798.416,binance,btcusdt,102078.92,6e-05,sell
1738124798.416,binance,btcusdt,102078.92,0.00011,sell
1738124798.478,binance,btcusdt,102078.77,6e-05,sell
1738124798.478,binance,btcusdt,102078.77,6e-05,sell
1738124798.478,binance,btcusdt,102078.77,6e-05,sell
1738124798.478,binance,btcusdt,102078.77,6e-05,sell
1738124798.478,binance,btcusdt,102078.77,6e-05,sell
1738124798.478,binance,btcusdt,102078.77,6e-05,sell
1738124798.478,binance,btcusdt,102078.77,6e-05,sell
1738124798.478,binance,btcusdt,102078.77,6e-05,sell
1738124798.478,binance,btcusdt,102078.77,6e-05,sell
1738124798.478,binance,btcusdt,102078.77,6e-05,sell
1738124798.478,binance,btcusdt,102078.77,6e-05,sell
1738124798.478,binance,btcusdt,102078.77,5e-05,sell
1738124798.482,binance,btcusdt,102078.76,6e-05,sell
1738124798.482,binance,btcusdt,102078.76,6e-05,sell
1738124798.482,binance,btcusdt,102078.76,6e-05,sell
1738124798.482,binance,btcusdt,102078.76,6e-05,sell
1738124798.482,binance,btcusdt,102078.76,6e-05,sell
1738124798.482,binance,btcusdt,102078.76,6e-05,sell
1738124798.482,binance,btcusdt,102078.76,6e-05,sell
1738124798.482,binance,btcusdt,102078.76,6e-05,sell
1738124798.482,binance,btcusdt,102078.76,6e-05,sell
1738124798.482,binance,btcusdt,102078.76,6e-05,sell
1738124798.482,binance,btcusdt,102078.76,6e-05,sell
1738124798.482,binance,btcusdt,102078.76,5e-05,sell
1738124798.489,binance,btcusdt,102078.47,0.00035,buy
1738124798.515,binance,btcusdt,102078.46,6e-05,sell
1738124798.515,binance,btcusdt,102078.46,6e-05,sell
1738124798.515,binance,btcusdt,102078.46,6e-05,sell
1738124798.515,binance,btcusdt,102078.46,6e-05,sell
1738124798.515,binance,btcusdt,102078.46,6e-05,sell
1738124798.515,binance,btcusdt,102078.46,6e-05,sell
1738124798.515,binance,btcusdt,102078.46,6e-05,sell
1738124798.515,binance,btcusdt,102078.46,6e-05,sell
1738124798.515,binance,btcusdt,102078.46,6e-05,sell
1738124798.515,binance,btcusdt,102078.46,6e-05,sell
1738124798.515,binance,btcusdt,102078.46,6e-05,sell
1738124798.515,binance,btcusdt,102078.46,0.00011,sell
1738124799.173,binance,btcusdt,102078.37,4e-05,buy
1738124799.563,binance,btcusdt,102078.36,6e-05,sell
1738124799.563,binance,btcusdt,102078.36,6e-05,sell
1738124799.563,binance,btcusdt,102078.36,6e-05,sell
1738124799.563,binance,btcusdt,102078.36,6e-05,sell
1738124799.563,binance,btcusdt,102078.36,6e-05,sell
1738124799.563,binance,btcusdt,102078.36,6e-05,sell
1738124799.563,binance,btcusdt,102078.36,6e-05,sell
1738124799.563,binance,btcusdt,102078.36,6e-05,sell
1738124799.563,binance,btcusdt,102078.36,6e-05,sell
1738124799.563,binance,btcusdt,102078.36,6e-05,sell
1738124799.563,binance,btcusdt,102078.36,6e-05,sell
1738124799.563,binance,btcusdt,102078.36,0.00012,sell
1738124799.563,binance,btcusdt,102078.36,0.00012,sell
1738124799.563,binance,btcusdt,102078.36,0.00199,sell
1738124799.563,binance,btcusdt,102078.36,0.00011,sell
1738124799.563,binance,btcusdt,102078.36,0.00129,sell
1738124799.578,binance,btcusdt,102078.35,6e-05,sell
1738124799.578,binance,btcusdt,102078.35,6e-05,sell
1738124799.578,binance,btcusdt,102078.35,6e-05,sell
1738124799.578,binance,btcusdt,102078.35,7e-05,sell
1738124799.578,binance,btcusdt,102078.35,5e-05,sell
1738124799.578,binance,btcusdt,102078.35,6e-05,sell
1738124799.578,binance,btcusdt,102078.35,6e-05,sell
1738124799.578,binance,btcusdt,102078.35,6e-05,sell
1738124799.578,binance,btcusdt,102078.35,6e-05,sell
1738124799.578,binance,btcusdt,102078.35,6e-05,sell
1738124799.578,binance,btcusdt,102078.35,6e-05,sell
1738124799.578,binance,btcusdt,102078.35,6e-05,sell
1738124799.578,binance,btcusdt,102078.35,6e-05,sell
1738124799.578,binance,btcusdt,102078.35,5e-05,sell
1738124799.578,binance,btcusdt,102078.35,5e-05,sell
1738124799.578,binance,btcusdt,102078.35,5e-05,sell
1738124799.578,binance,btcusdt,102078.35,5e-05,sell
1738124799.578,binance,btcusdt,102078.35,5e-05,sell
1738124799.578,binance,btcusdt,102078.35,5e-05,sell
1738124799.578,binance,btcusdt,102078.35,5e-05,sell
1738124799.578,binance,btcusdt,102078.35,5e-05,sell
1738124799.578,binance,btcusdt,102078.35,5e-05,sell
1738124799.582,binance,btcusdt,102078.34,6e-05,sell
1738124799.582,binance,btcusdt,102078.34,6e-05,sell
1738124799.582,binance,btcusdt,102078.34,6e-05,sell
1738124799.582,binance,btcusdt,102078.34,6e-05,sell
1738124799.582,binance,btcusdt,102078.34,6e-05,sell
1738124799.582,binance,btcusdt,102078.34,6e-05,sell
1738124799.582,binance,btcusdt,102078.34,6e-05,sell
1738124799.582,binance,btcusdt,102078.34,6e-05,sell
1738124799.582,binance,btcusdt,102078.34,6e-05,sell
1738124799.582,binance,btcusdt,102078.34,6e-05,sell
1738124799.582,binance,btcusdt,102078.34,6e-05,sell
1738124799.604,binance,btcusdt,102078.19,6e-05,sell
1738124799.604,binance,btcusdt,102078.19,6e-05,sell
1738124799.604,binance,btcusdt,102078.19,4e-05,sell
1738124799.606,binance,btcusdt,102078.19,2e-05,sell
1738124799.606,binance,btcusdt,102078.19,6e-05,sell
1738124799.606,binance,btcusdt,102078.19,6e-05,sell
1738124799.606,binance,btcusdt,102078.19,6e-05,sell
1738124799.606,binance,btcusdt,102078.19,6e-05,sell
1738124799.606,binance,btcusdt,102078.19,6e-05,sell
1738124799.606,binance,btcusdt,102078.19,6e-05,sell
1738124799.606,binance,btcusdt,102078.19,6e-05,sell
1738124799.606,binance,btcusdt,102078.19,6e-05,sell
1738124799.606,binance,btcusdt,102078.19,0.00012,sell
1738124799.615,binance,btcusdt,102078.18,6e-05,sell
1738124799.615,binance,btcusdt,102078.18,6e-05,sell
1738124799.615,binance,btcusdt,102078.18,6e-05,sell
1738124799.615,binance,btcusdt,102078.18,6e-05,sell
1738124799.615,binance,btcusdt,102078.18,6e-05,sell
1738124799.615,binance,btcusdt,102078.18,6e-05,sell
1738124799.615,binance,btcusdt,102078.18,6e-05,sell
1738124799.615,binance,btcusdt,102078.18,6e-05,sell
1738124799.615,binance,btcusdt,102078.18,6e-05,sell
1738124799.615,binance,btcusdt,102078.18,6e-05,sell
1738124799.615,binance,btcusdt,102078.18,6e-05,sell
1738124799.633,binance,btcusdt,102077.98,6e-05,sell
1738124799.633,binance,btcusdt,102077.98,6e-05,sell
1738124799.633,binance,btcusdt,102077.98,6e-05,sell
1738124799.633,binance,btcusdt,102077.98,6e-05,sell
1738124799.633,binance,btcusdt,102077.98,6e-05,sell
1738124799.633,binance,btcusdt,102077.98,6e-05,sell
1738124799.633,binance,btcusdt,102077.98,6e-05,sell
1738124799.633,binance,btcusdt,102077.98,6e-05,sell
1738124799.633,binance,btcusdt,102077.98,6e-05,sell
1738124799.633,binance,btcusdt,102077.98,6e-05,sell
1738124799.633,binance,btcusdt,102077.98,6e-05,sell
1738124799.633,binance,btcusdt,102077.98,6e-05,sell
1738124799.634,binance,btcusdt,102077.97,6e-05,sell
1738124799.634,binance,btcusdt,102077.97,6e-05,sell
1738124799.634,binance,btcusdt,102077.97,6e-05,sell
1738124799.647,binance,btcusdt,102077.53,5e-05,sell
1738124799.647,binance,btcusdt,102077.53,6e-05,sell
1738124799.647,binance,btcusdt,102077.53,6e-05,sell
1738124799.647,binance,btcusdt,102077.53,6e-05,sell
1738124799.647,binance,btcusdt,102077.53,6e-05,sell
1738124799.647,binance,btcusdt,102077.53,6e-05,sell
1738124799.647,binance,btcusdt,102077.53,6e-05,sell
1738124799.647,binance,btcusdt,102077.53,6e-05,sell
1738124799.647,binance,btcusdt,102077.53,6e-05,sell
1738124799.647,binance,btcusdt,102077.53,6e-05,sell
1738124799.647,binance,btcusdt,102077.53,6e-05,sell
1738124799.647,binance,btcusdt,102077.53,6e-05,sell
1738124799.649,binance,btcusdt,102077.46,5e-05,sell
1738124799.649,binance,btcusdt,102077.46,6e-05,sell
1738124799.649,binance,btcusdt,102077.46,6e-05,sell
1738124799.649,binance,btcusdt,102077.46,6e-05,sell
1738124799.649,binance,btcusdt,102077.46,6e-05,sell
1738124799.649,binance,btcusdt,102077.46,6e-05,sell
1738124799.649,binance,btcusdt,102077.46,6e-05,sell
1738124799.649,binance,btcusdt,102077.46,6e-05,sell
1738124799.663,binance,btcusdt,102077.43,6e-05,sell
1738124799.663,binance,btcusdt,102077.43,6e-05,sell
1738124799.663,binance,btcusdt,102077.43,6e-05,sell
1738124799.663,binance,btcusdt,102077.43,6e-05,sell
1738124799.663,binance,btcusdt,102077.43,6e-05,sell
1738124799.663,binance,btcusdt,102077.43,6e-05,sell
1738124799.663,binance,btcusdt,102077.43,6e-05,sell
1738124799.663,binance,btcusdt,102077.43,6e-05,sell
1738124799.663,binance,btcusdt,102077.43,6e-05,sell
1738124799.663,binance,btcusdt,102077.43,6e-05,sell
1738124799.663,binance,btcusdt,102077.43,6e-05,sell
1738124799.665,binance,btcusdt,102077.41,6e-05,sell
1738124799.665,binance,btcusdt,102077.41,6e-05,sell
1738124799.665,binance,btcusdt,102077.41,6e-05,sell
1738124799.669,binance,btcusdt,102077.4,6e-05,sell
1738124799.669,binance,btcusdt,102077.4,6e-05,sell
1738124799.669,binance,btcusdt,102077.4,6e-05,sell
1738124799.669,binance,btcusdt,102077.4,6e-05,sell
1738124799.669,binance,btcusdt,102077.4,6e-05,sell
1738124799.669,binance,btcusdt,102077.4,6e-05,sell
1738124799.669,binance,btcusdt,102077.4,6e-05,sell
1738124799.669,binance,btcusdt,102077.4,6e-05,sell
1738124799.669,binance,btcusdt,102077.4,6e-05,sell
1738124799.669,binance,btcusdt,102077.4,6e-05,sell
1738124799.669,binance,btcusdt,102077.4,6e-05,sell
1738124799.67,binance,btcusdt,102077.16,0.00011,sell
1738124799.67,binance,btcusdt,102077.16,6e-05,sell
1738124799.67,binance,btcusdt,102077.16,6e-05,sell
1738124799.67,binance,btcusdt,102077.16,6e-05,sell
1738124799.673,binance,btcusdt,102076.41,6e-05,sell
1738124799.673,binance,btcusdt,102076.41,6e-05,sell
1738124799.673,binance,btcusdt,102076.41,6e-05,sell
1738124799.673,binance,btcusdt,102076.41,6e-05,sell
1738124799.676,binance,btcusdt,102074.11,6e-05,sell
1738124799.676,binance,btcusdt,102074.11,6e-05,sell
1738124799.676,binance,btcusdt,102074.11,6e-05,sell
1738124799.676,binance,btcusdt,102074.11,6e-05,sell
1738124799.676,binance,btcusdt,102074.11,6e-05,sell
1738124799.676,binance,btcusdt,102074.11,6e-05,sell
1738124799.676,binance,btcusdt,102074.11,6e-05,sell
1738124799.676,binance,btcusdt,102074.11,6e-05,sell
1738124799.676,binance,btcusdt,102074.11,6e-05,sell
1738124799.676,binance,btcusdt,102074.11,6e-05,sell
1738124799.676,binance,btcusdt,102074.11,6e-05,sell
1738124799.676,binance,btcusdt,102073.34,5e-05,sell
1738124799.715,binance,btcusdt,102072.42,6e-05,sell
1738124799.715,binance,btcusdt,102072.42,6e-05,sell
1738124799.715,binance,btcusdt,102072.42,6e-05,sell
1738124799.715,binance,btcusdt,102072.42,6e-05,sell
1738124799.715,binance,btcusdt,102072.42,6e-05,sell
1738124799.715,binance,btcusdt,102072.42,6e-05,sell
1738124799.715,binance,btcusdt,102072.42,6e-05,sell
1738124799.715,binance,btcusdt,102072.42,6e-05,sell
1738124799.715,binance,btcusdt,102072.42,6e-05,sell
1738124799.715,binance,btcusdt,102072.42,6e-05,sell
1738124799.715,binance,btcusdt,102072.42,6e-05,sell
1738124799.715,binance,btcusdt,102072.42,0.00012,sell
1738124799.92,binance,btcusdt,102072.32,6e-05,sell
1738124799.92,binance,btcusdt,102072.32,6e-05,sell
1738124799.92,binance,btcusdt,102072.32,6e-05,sell
1738124799.92,binance,btcusdt,102072.32,6e-05,sell
1738124799.92,binance,btcusdt,102072.32,6e-05,sell
1738124799.92,binance,btcusdt,102072.32,6e-05,sell
1738124799.92,binance,btcusdt,102072.32,6e-05,sell
1738124799.92,binance,btcusdt,102072.32,6e-05,sell
1738124799.92,binance,btcusdt,102072.32,6e-05,sell
1738124799.92,binance,btcusdt,102072.32,6e-05,sell
1738124799.92,binance,btcusdt,102072.32,6e-05,sell
1738124799.92,binance,btcusdt,102072.32,0.00011,sell
1738124799.92,binance,btcusdt,102072.32,0.00012,sell
1738124799.991,binance,btcusdt,102072.03,0.00048,buy
1738124799.993,binance,btcusdt,102072.02,6e-05,sell
1738124799.993,binance,btcusdt,102072.02,6e-05,sell
1738124799.993,binance,btcusdt,102072.02,6e-05,sell
1738124799.993,binance,btcusdt,102072.02,6e-05,sell
1738124799.993,binance,btcusdt,102072.02,6e-05,sell
1738124799.993,binance,btcusdt,102072.02,6e-05,sell
1738124799.993,binance,btcusdt,102072.02,6e-05,sell
1738124799.993,binance,btcusdt,102072.02,6e-05,sell
1738124799.993,binance,btcusdt,102072.02,6e-05,sell
1738124799.993,binance,btcusdt,102072.02,6e-05,sell
1738124799.993,binance,btcusdt,102072.02,6e-05,sell
1738124800.206,binance,btcusdt,102071.54,0.00015,sell
1738124800.206,binance,btcusdt,102071.54,6e-05,sell
1738124800.206,binance,btcusdt,102071.54,6e-05,sell
1738124800.206,binance,btcusdt,102071.54,6e-05,sell
1738124800.206,binance,btcusdt,102071.54,6e-05,sell
1738124800.206,binance,btcusdt,102071.54,6e-05,sell
1738124800.206,binance,btcusdt,102071.54,4e-05,sell
1738124800.237,binance,btcusdt,102071.54,2e-05,sell
1738124800.237,binance,btcusdt,102071.54,6e-05,sell
1738124800.237,binance,btcusdt,102071.54,6e-05,sell
1738124800.237,binance,btcusdt,102071.54,6e-05,sell
1738124800.237,binance,btcusdt,102071.54,6e-05,sell
1738124800.237,binance,btcusdt,102071.54,6e-05,sell
1738124800.237,binance,btcusdt,102071.54,0.00012,sell
1738124800.237,binance,btcusdt,102071.54,0.00012,sell
1738124800.237,binance,btcusdt,102071.54,6e-05,sell
1738124800.237,binance,btcusdt,102071.54,6e-05,sell
1738124800.237,binance,btcusdt,102071.54,6e-05,sell
1738124800.237,binance,btcusdt,102071.54,6e-05,sell
1738124800.237,binance,btcusdt,102071.54,6e-05,sell
1738124800.237,binance,btcusdt,102071.3,5e-05,sell
1738124800.237,binance,btcusdt,102071.3,6e-05,sell
1738124800.237,binance,btcusdt,102071.3,6e-05,sell
1738124800.237,binance,btcusdt,102071.3,6e-05,sell
1738124800.237,binance,btcusdt,102070.56,6e-05,sell
1738124800.237,binance,btcusdt,102070.56,6e-05,sell
1738124800.237,binance,btcusdt,102070.56,6e-05,sell
1738124800.237,binance,btcusdt,102070.55,6e-05,sell
1738124800.237,binance,btcusdt,102070.55,6e-05,sell
1738124800.237,binance,btcusdt,102070.55,6e-05,sell
1738124800.237,binance,btcusdt,102070.55,6e-05,sell
1738124800.237,binance,btcusdt,102070.55,6e-05,sell
1738124800.237,binance,btcusdt,102070.55,6e-05,sell
1738124800.237,binance,btcusdt,102070.54,0.00036,sell
1738124800.534,binance,btcusdt,102070.54,0.01207,sell
1738124800.608,binance,btcusdt,102070.54,0.00577,sell
1738124800.608,binance,btcusdt,102070.54,5e-05,sell
1738124800.608,binance,btcusdt,102070.54,6e-05,sell
1738124800.608,binance,btcusdt,102070.54,6e-05,sell
1738124800.608,binance,btcusdt,102070.54,6e-05,sell
1738124800.608,binance,btcusdt,102070.54,6e-05,sell
1738124800.608,binance,btcusdt,102070.54,6e-05,sell
1738124800.608,binance,btcusdt,102070.54,6e-05,sell
1738124800.608,binance,btcusdt,102070.54,6e-05,sell
1738124800.608,binance,btcusdt,102070.54,6e-05,sell
1738124800.608,binance,btcusdt,102070.54,6e-05,sell
1738124800.608,binance,btcusdt,102070.54,6e-05,sell
1738124800.608,binance,btcusdt,102070.54,6e-05,sell
1738124800.608,binance,btcusdt,102070.54,6e-05,sell
1738124800.608,binance,btcusdt,102070.54,6e-05,sell
1738124800.608,binance,btcusdt,102070.54,6e-05,sell
1738124800.608,binance,btcusdt,102070.54,6e-05,sell
1738124800.608,binance,btcusdt,102070.54,0.00754,sell
1738124800.608,binance,btcusdt,102070.54,6e-05,sell
1738124800.608,binance,btcusdt,102070.54,0.00011,sell
1738124800.608,binance,btcusdt,102070.54,0.00012,sell
1738124800.608,binance,btcusdt,102070.54,5e-05,sell
1738124800.608,binance,btcusdt,102070.54,5e-05,sell
1738124800.608,binance,btcusdt,102070.54,5e-05,sell
1738124800.608,binance,btcusdt,102070.54,5e-05,sell
1738124800.608,binance,btcusdt,102070.54,5e-05,sell
1738124800.608,binance,btcusdt,102070.54,5e-05,sell
1738124800.608,binance,btcusdt,102070.54,5e-05,sell
1738124800.608,binance,btcusdt,102070.54,5e-05,sell
1738124800.608,binance,btcusdt,102070.54,5e-05,sell
1738124800.608,binance,btcusdt,102070.42,6e-05,sell
1738124800.608,binance,btcusdt,102070.42,6e-05,sell
1738124800.608,binance,btcusdt,102070.42,6e-05,sell
1738124800.608,binance,btcusdt,102070.41,6e-05,sell
1738124800.608,binance,btcusdt,102070.41,6e-05,sell
1738124800.608,binance,btcusdt,102070.41,6e-05,sell
1738124800.608,binance,btcusdt,102070.27,5e-05,sell
1738124800.608,binance,btcusdt,102070.27,6e-05,sell
1738124800.608,binance,btcusdt,102070.27,6e-05,sell
1738124800.608,binance,btcusdt,102070.27,6e-05,sell
1738124800.608,binance,btcusdt,102070.0,6e-05,sell
1738124800.608,binance,btcusdt,102070.0,6e-05,sell
1738124800.608,binance,btcusdt,102070.0,6e-05,sell
1738124800.608,binance,btcusdt,102070.0,6e-05,sell
1738124800.608,binance,btcusdt,102070.0,6e-05,sell
1738124800.608,binance,btcusdt,102070.0,6e-05,sell
1738124800.608,binance,btcusdt,102069.99,0.00425,sell
1738124800.608,binance,btcusdt,102069.99,0.00012,sell
1738124800.608,binance,btcusdt,102069.99,0.00425,sell
1738124800.608,binance,btcusdt,102069.99,0.0024,sell
1738124800.608,binance,btcusdt,102069.99,0.00434,sell
1738124800.608,binance,btcusdt,102069.99,6e-05,sell
1738124800.608,binance,btcusdt,102069.99,6e-05,sell
1738124800.608,binance,btcusdt,102069.99,5e-05,sell
1738124800.608,binance,btcusdt,102069.99,6e-05,sell
1738124800.608,binance,btcusdt,102069.99,0.00425,sell
1738124800.608,binance,btcusdt,102069.99,0.00115,sell
1738124800.608,binance,btcusdt,102069.99,5e-05,sell
1738124800.608,binance,btcusdt,102069.99,0.00197,sell
1738124800.608,binance,btcusdt,102069.99,5e-05,sell
1738124800.608,binance,btcusdt,102069.99,5e-05,sell
1738124800.608,binance,btcusdt,102069.99,5e-05,sell
1738124800.608,binance,btcusdt,102069.99,5e-05,sell
1738124800.608,binance,btcusdt,102069.99,5e-05,sell
1738124800.608,binance,btcusdt,102069.99,5e-05,sell
1738124800.608,binance,btcusdt,102069.99,5e-05,sell
1738124800.608,binance,btcusdt,102069.99,5e-05,sell
1738124800.608,binance,btcusdt,102069.25,5e-05,sell
1738124800.608,binance,btcusdt,102069.25,6e-05,sell
1738124800.608,binance,btcusdt,102069.25,6e-05,sell
1738124800.608,binance,btcusdt,102069.25,6e-05,sell
1738124800.608,binance,btcusdt,102068.76,5e-05,sell
1738124800.608,binance,btcusdt,102068.76,6e-05,sell
1738124800.608,binance,btcusdt,102068.76,6e-05,sell
1738124800.608,binance,btcusdt,102068.76,6e-05,sell
1738124800.608,binance,btcusdt,102068.7,0.0001,sell
1738124800.608,binance,btcusdt,102068.7,6e-05,sell
1738124800.608,binance,btcusdt,102068.7,6e-05,sell
1738124800.608,binance,btcusdt,102068.23,6e-05,sell
1738124800.608,binance,btcusdt,102068.23,6e-05,sell
1738124800.608,binance,btcusdt,102068.23,5e-05,sell
1738124800.608,binance,btcusdt,102066.42,6e-05,sell
1738124800.608,binance,btcusdt,102066.42,6e-05,sell
1738124800.608,binance,btcusdt,102066.07,0.0001,sell
1738124800.608,binance,btcusdt,102066.07,6e-05,sell
1738124800.608,binance,btcusdt,102066.07,6e-05,sell
1738124800.608,binance,btcusdt,102064.19,6e-05,sell
1738124800.608,binance,btcusdt,102064.19,6e-05,sell
1738124800.608,binance,btcusdt,102063.42,0.0001,sell
1738124800.608,binance,btcusdt,102063.42,6e-05,sell
1738124800.608,binance,btcusdt,102063.42,6e-05,sell
1738124800.608,binance,btcusdt,102061.94,0.003,sell
1738124800.608,binance,btcusdt,102061.94,6e-05,sell
1738124800.608,binance,btcusdt,102061.94,6e-05,sell
1738124800.608,binance,btcusdt,102061.82,5e-05,sell
1738124800.608,binance,btcusdt,102061.65,6e-05,sell
1738124800.608,binance,btcusdt,102061.65,6e-05,sell
1738124800.608,binance,btcusdt,102061.65,7e-05,sell
1738124800.608,binance,btcusdt,102061.65,7e-05,sell
1738124800.608,binance,btcusdt,102061.65,7e-05,sell
1738124800.608,binance,btcusdt,102061.65,7e-05,sell
1738124800.608,binance,btcusdt,102061.65,6e-05,sell
1738124800.647,binance,btcusdt,102061.65,0.006,buy
1738124801.152,binance,btcusdt,102061.65,0.00098,buy
1738124801.323,binance,btcusdt,102061.65,0.00049,buy
1738124801.926,binance,btcusdt,102061.65,0.00113,buy
1738124802.333,binance,btcusdt,102061.64,5e-05,sell
1738124802.333,binance,btcusdt,102061.64,0.00653,sell
1738124802.513,binance,btcusdt,102061.64,0.00251,sell
1738124803.006,binance,btcusdt,102061.65,0.00034,buy
1738124803.152,binance,btcusdt,102061.65,0.00026,buy
1738124803.203,binance,btcusdt,102061.65,0.00179,buy
1738124803.204,binance,btcusdt,102061.65,0.00109,buy
1738124803.204,binance,btcusdt,102061.65,0.00209,buy
1738124803.204,binance,btcusdt,102061.65,0.0021,buy
1738124803.205,binance,btcusdt,102061.65,0.00179,buy
1738124803.72,binance,btcusdt,102061.64,0.01302,sell
1738124804.107,binance,btcusdt,102061.65,9e-05,buy
1738124804.577,binance,btcusdt,102061.65,5e-05,buy
1738124805.255,binance,btcusdt,102061.64,0.09287,sell
1738124805.255,binance,btcusdt,102061.64,0.0471,sell
1738124805.255,binance,btcusdt,102061.64,6e-05,sell
1738124805.255,binance,btcusdt,102061.64,0.01,sell
1738124805.255,binance,btcusdt,102061.64,0.0328,sell
1738124805.255,binance,btcusdt,102061.64,0.07906,sell
1738124805.873,binance,btcusdt,102061.64,0.00695,sell
1738124807.103,binance,btcusdt,102061.65,0.00628,buy
1738124807.165,binance,btcusdt,102061.65,0.00014,buy
1738124807.165,binance,btcusdt,102061.65,0.00059,buy
1738124807.165,binance,btcusdt,102061.65,6e-05,buy
1738124807.165,binance,btcusdt,102061.65,6e-05,buy
1738124807.165,binance,btcusdt,102061.65,6e-05,buy
1738124807.165,binance,btcusdt,102061.65,6e-05,buy
1738124807.165,binance,btcusdt,102061.65,6e-05,buy
1738124807.165,binance,btcusdt,102061.65,6e-05,buy
1738124807.165,binance,btcusdt,102061.65,0.0159,buy
1738124807.378,binance,btcusdt,102061.65,7e-05,buy
1738124807.634,binance,btcusdt,102061.64,7e-05,sell
1738124807.824,binance,btcusdt,102061.65,0.00293,buy
1738124807.846,binance,btcusdt,102061.65,0.00069,buy
1738124807.846,binance,btcusdt,102061.65,0.00012,buy
1738124807.846,binance,btcusdt,102061.65,0.00629,buy
1738124807.849,binance,btcusdt,102061.65,0.00371,buy
1738124807.849,binance,btcusdt,102061.65,6e-05,buy
1738124807.849,binance,btcusdt,102061.65,6e-05,buy
1738124807.849,binance,btcusdt,102061.65,6e-05,buy
1738124807.849,binance,btcusdt,102061.65,0.009,buy
1738124807.863,binance,btcusdt,102061.65,0.00299,buy
1738124807.863,binance,btcusdt,102061.65,1e-05,buy
1738124807.864,binance,btcusdt,102061.65,5e-05,buy
1738124807.864,binance,btcusdt,102061.65,6e-05,buy
1738124807.864,binance,btcusdt,102061.65,6e-05,buy
1738124807.864,binance,btcusdt,102061.65,6e-05,buy
1738124807.864,binance,btcusdt,102061.65,6e-05,buy
1738124807.864,binance,btcusdt,102061.65,6e-05,buy
1738124807.864,binance,btcusdt,102061.65,0.00067,buy
1738124807.864,binance,btcusdt,102061.65,0.00079,buy
1738124807.864,binance,btcusdt,102061.65,6e-05,buy
1738124807.864,binance,btcusdt,102061.65,6e-05,buy
1738124807.864,binance,btcusdt,102061.65,6e-05,buy
1738124807.865,binance,btcusdt,102061.66,6e-05,buy
1738124807.867,binance,btcusdt,102061.7,6e-05,buy
1738124807.867,binance,btcusdt,102061.79,6e-05,buy
1738124807.867,binance,btcusdt,102061.79,6e-05,buy
1738124807.867,binance,btcusdt,102061.79,7e-05,buy
1738124807.867,binance,btcusdt,102061.79,7e-05,buy
1738124807.87,binance,btcusdt,102061.8,0.00199,buy
1738124807.878,binance,btcusdt,102061.8,0.00287,buy
1738124807.884,binance,btcusdt,102061.8,6e-05,buy
1738124807.884,binance,btcusdt,102061.8,6e-05,buy
1738124807.884,binance,btcusdt,102061.8,6e-05,buy
1738124807.884,binance,btcusdt,102061.8,6e-05,buy
1738124807.884,binance,btcusdt,102061.8,6e-05,buy
1738124807.884,binance,btcusdt,102061.8,6e-05,buy
1738124807.884,binance,btcusdt,102061.8,6e-05,buy
1738124807.884,binance,btcusdt,102061.8,6e-05,buy
1738124807.884,binance,btcusdt,102061.8,6e-05,buy
1738124807.884,binance,btcusdt,102061.8,0.00956,buy
1738124807.884,binance,btcusdt,102061.8,6e-05,buy
1738124807.884,binance,btcusdt,102061.82,6e-05,buy
1738124807.884,binance,btcusdt,102061.83,6e-05,buy
1738124807.884,binance,btcusdt,102062.0,6e-05,buy
1738124807.884,binance,btcusdt,102062.08,5e-05,buy
1738124807.885,binance,btcusdt,102062.08,6e-05,buy
1738124807.885,binance,btcusdt,102063.34,6e-05,buy
1738124807.885,binance,btcusdt,102063.34,6e-05,buy
1738124807.885,binance,btcusdt,102063.35,0.00138,buy
1738124807.889,binance,btcusdt,102063.35,0.00618,buy
1738124807.889,binance,btcusdt,102063.35,5e-05,buy
1738124807.891,binance,btcusdt,102063.35,1e-05,buy
1738124807.891,binance,btcusdt,102063.35,6e-05,buy
1738124807.891,binance,btcusdt,102063.35,6e-05,buy
1738124807.891,binance,btcusdt,102063.35,6e-05,buy
1738124807.891,binance,btcusdt,102063.35,6e-05,buy
1738124807.891,binance,btcusdt,102063.35,6e-05,buy
1738124807.891,binance,btcusdt,102063.35,6e-05,buy
1738124807.891,binance,btcusdt,102063.35,6e-05,buy
1738124807.891,binance,btcusdt,102063.35,6e-05,buy
1738124807.891,binance,btcusdt,102063.35,0.0013,buy
1738124807.891,binance,btcusdt,102063.9,0.00011,buy
1738124807.891,binance,btcusdt,102063.9,5e-05,buy
1738124807.893,binance,btcusdt,102063.9,1e-05,buy
1738124807.893,binance,btcusdt,102064.12,5e-05,buy
1738124807.893,binance,btcusdt,102064.12,6e-05,buy
1738124807.893,binance,btcusdt,102067.82,6e-05,buy
1738124807.893,binance,btcusdt,102067.82,6e-05,buy
1738124808.359,binance,btcusdt,102067.83,6e-05,buy
1738124808.359,binance,btcusdt,102067.83,6e-05,buy
1738124808.359,binance,btcusdt,102067.83,6e-05,buy
1738124808.359,binance,btcusdt,102067.83,6e-05,buy
1738124808.359,binance,btcusdt,102067.83,9e-05,buy
1738124808.359,binance,btcusdt,102067.83,6e-05,buy
1738124808.359,binance,btcusdt,102067.83,0.00026,buy
1738124808.359,binance,btcusdt,102067.82,0.0009,sell
1738124808.513,binance,btcusdt,102067.82,0.00381,sell
1738124808.689,binance,btcusdt,102067.82,0.03135,sell
1738124808.689,binance,btcusdt,102067.82,0.00418,sell
1738124808.981,binance,btcusdt,102067.82,0.00898,sell
1738124810.018,binance,btcusdt,102067.82,0.00195,sell
1738124811.839,binance,btcusdt,102067.82,6e-05,sell
1738124811.839,binance,btcusdt,102067.82,6e-05,sell
1738124811.845,binance,btcusdt,102067.82,6e-05,sell
1738124811.845,binance,btcusdt,102067.82,4e-05,sell
1738124812.203,binance,btcusdt,102067.82,2e-05,sell
1738124812.203,binance,btcusdt,102067.82,6e-05,sell
1738124812.203,binance,btcusdt,102067.82,6e-05,sell
1738124812.203,binance,btcusdt,102067.82,6e-05,sell
1738124812.203,binance,btcusdt,102067.82,0.01959,sell
1738124812.203,binance,btcusdt,102067.82,5e-05,sell
1738124812.203,binance,btcusdt,102067.82,0.00012,sell
1738124812.203,binance,btcusdt,102067.82,6e-05,sell
1738124812.203,binance,btcusdt,102067.82,6e-05,sell
1738124812.203,binance,btcusdt,102067.82,6e-05,sell
1738124812.203,binance,btcusdt,102067.82,6e-05,sell
1738124812.203,binance,btcusdt,102067.82,8e-05,sell
1738124812.203,binance,btcusdt,102067.82,6e-05,sell
1738124812.203,binance,btcusdt,102067.82,6e-05,sell
1738124812.203,binance,btcusdt,102067.82,6e-05,sell
1738124812.203,binance,btcusdt,102067.82,6e-05,sell
1738124812.203,binance,btcusdt,102067.82,0.00426,sell
1738124812.203,binance,btcusdt,102067.82,0.00623,sell
1738124812.203,binance,btcusdt,102067.82,5e-05,sell
1738124812.203,binance,btcusdt,102067.82,0.00426,sell
1738124812.203,binance,btcusdt,102067.82,0.00116,sell
1738124812.203,binance,btcusdt,102067.82,0.00408,sell
1738124812.203,binance,btcusdt,102067.82,6e-05,sell
1738124812.203,binance,btcusdt,102067.82,6e-05,sell
1738124812.203,binance,btcusdt,102067.82,6e-05,sell
1738124812.203,binance,btcusdt,102067.82,0.00397,sell
1738124812.203,binance,btcusdt,102067.82,0.00169,sell
1738124812.203,binance,btcusdt,102067.81,6e-05,sell
1738124812.203,binance,btcusdt,102067.81,6e-05,sell
1738124812.203,binance,btcusdt,102067.81,6e-05,sell
1738124812.203,binance,btcusdt,102067.52,6e-05,sell
1738124812.203,binance,btcusdt,102067.52,6e-05,sell
1738124812.203,binance,btcusdt,102067.52,6e-05,sell
1738124812.203,binance,btcusdt,102067.51,6e-05,sell
1738124812.203,binance,btcusdt,102067.51,6e-05,sell
1738124812.203,binance,btcusdt,102067.51,6e-05,sell
1738124812.203,binance,btcusdt,102067.36,6e-05,sell
1738124812.203,binance,btcusdt,102067.36,6e-05,sell
1738124812.203,binance,btcusdt,102067.36,6e-05,sell
1738124812.203,binance,btcusdt,102067.35,6e-05,sell
1738124812.203,binance,btcusdt,102067.35,6e-05,sell
1738124812.203,binance,btcusdt,102067.35,6e-05,sell
1738124812.203,binance,btcusdt,102067.34,6e-05,sell
1738124812.203,binance,btcusdt,102067.34,6e-05,sell
1738124812.203,binance,btcusdt,102067.34,6e-05,sell
1738124812.203,binance,btcusdt,102067.33,6e-05,sell
1738124812.203,binance,btcusdt,102067.33,6e-05,sell
1738124812.203,binance,btcusdt,102067.33,6e-05,sell
1738124812.203,binance,btcusdt,102067.2,5e-05,sell
1738124812.203,binance,btcusdt,102067.2,6e-05,sell
1738124812.203,binance,btcusdt,102067.2,6e-05,sell
1738124812.203,binance,btcusdt,102066.87,0.00012,sell
1738124812.203,binance,btcusdt,102066.87,6e-05,sell
1738124812.203,binance,btcusdt,102066.87,6e-05,sell
1738124812.203,binance,btcusdt,102066.84,5e-05,sell
1738124812.203,binance,btcusdt,102066.84,6e-05,sell
1738124812.203,binance,btcusdt,102066.84,6e-05,sell
1738124812.203,binance,btcusdt,102066.41,6e-05,sell
1738124812.203,binance,btcusdt,102066.41,6e-05,sell
1738124812.203,binance,btcusdt,102066.4,6e-05,sell
1738124812.203,binance,btcusdt,102066.4,6e-05,sell
1738124812.203,binance,btcusdt,102066.18,5e-05,sell
1738124812.203,binance,btcusdt,102066.18,6e-05,sell
1738124812.203,binance,btcusdt,102066.18,6e-05,sell
1738124812.203,binance,btcusdt,102065.63,0.00036,sell
1738124812.203,binance,btcusdt,102065.63,6e-05,sell
1738124812.203,binance,btcusdt,102065.63,6e-05,sell
1738124812.203,binance,btcusdt,102065.16,5e-05,sell
1738124812.203,binance,btcusdt,102063.34,5e-05,sell
1738124812.203,binance,btcusdt,102061.88,6e-05,sell
1738124812.203,binance,btcusdt,102061.88,6e-05,sell
1738124812.203,binance,btcusdt,102061.88,6e-05,sell
1738124812.203,binance,btcusdt,102061.87,0.00127,sell
1738124812.203,binance,btcusdt,102061.81,6e-05,sell
1738124812.203,binance,btcusdt,102061.81,6e-05,sell
1738124812.203,binance,btcusdt,102061.81,6e-05,sell
1738124812.203,binance,btcusdt,102061.81,6e-05,sell
1738124812.203,binance,btcusdt,102061.81,6e-05,sell
1738124812.222,binance,btcusdt,102061.81,0.00065,buy
1738124813.723,binance,btcusdt,102061.8,5e-05,sell
1738124813.723,binance,btcusdt,102061.8,0.11493,sell
1738124813.723,binance,btcusdt,102061.8,6e-05,sell
1738124813.723,binance,btcusdt,102061.8,6e-05,sell
1738124813.723,binance,btcusdt,102061.8,0.0471,sell
1738124813.723,binance,btcusdt,102061.8,6e-05,sell
1738124813.723,binance,btcusdt,102061.8,6e-05,sell
1738124813.723,binance,btcusdt,102061.8,6e-05,sell
1738124813.723,binance,btcusdt,102061.8,6e-05,sell
1738124813.723,binance,btcusdt,102061.8,8e-05,sell
1738124813.723,binance,btcusdt,102061.8,6e-05,sell
1738124813.723,binance,btcusdt,102061.8,5e-05,sell
1738124813.723,binance,btcusdt,102061.8,0.20307,sell
1738124815.146,binance,btcusdt,102061.8,0.00044,sell
1738124815.35,binance,btcusdt,102061.81,0.001,buy
1738124815.672,binance,btcusdt,102061.81,0.00019,buy
1738124817.116,binance,btcusdt,102061.8,6e-05,sell
1738124817.116,binance,btcusdt,102061.8,6e-05,sell
1738124817.116,binance,btcusdt,102061.8,6e-05,sell
1738124817.116,binance,btcusdt,102061.8,6e-05,sell
1738124817.116,binance,btcusdt,102061.8,0.00012,sell
1738124817.116,binance,btcusdt,102061.8,0.00022,sell
1738124819.358,binance,btcusdt,102061.8,7e-05,sell
1738124819.825,binance,btcusdt,102061.8,0.00048,sell
1738124819.825,binance,btcusdt,102061.8,0.00077,sell
1738124819.825,binance,btcusdt,102061.8,0.00032,sell
1738124819.856,binance,btcusdt,102061.81,0.0006,buy
1738124820.518,binance,btcusdt,102061.8,0.00295,sell
1738124821.199,binance,btcusdt,102061.81,6e-05,buy
1738124821.199,binance,btcusdt,102061.81,0.00272,buy
1738124821.199,binance,btcusdt,102061.81,0.00012,buy
1738124821.199,binance,btcusdt,102061.81,0.0091,buy
1738124821.2,binance,btcusdt,102061.81,0.01049,buy
1738124821.2,binance,btcusdt,102061.81,6e-05,buy
1738124821.2,binance,btcusdt,102061.81,6e-05,buy
1738124821.2,binance,btcusdt,102061.81,6e-05,buy
1738124821.2,binance,btcusdt,102061.81,6e-05,buy
1738124821.2,binance,btcusdt,102061.81,6e-05,buy
1738124821.2,binance,btcusdt,102061.81,6e-05,buy
1738124821.2,binance,btcusdt,102061.81,6e-05,buy
1738124821.2,binance,btcusdt,102061.81,6e-05,buy
1738124821.2,binance,btcusdt,102061.84,6e-05,buy
1738124821.2,binance,btcusdt,102061.84,6e-05,buy
1738124821.2,binance,btcusdt,102061.85,0.00091,buy
1738124821.2,binance,btcusdt,102061.85,0.00909,buy
1738124821.2,binance,btcusdt,102061.85,6e-05,buy
1738124821.2,binance,btcusdt,102061.96,6e-05,buy
1738124821.2,binance,btcusdt,102061.97,6e-05,buy
1738124821.2,binance,btcusdt,102061.98,6e-05,buy
1738124821.2,binance,btcusdt,102061.99,6e-05,buy
1738124821.2,binance,btcusdt,102061.99,6e-05,buy
1738124821.2,binance,btcusdt,102061.99,6e-05,buy
1738124821.2,binance,btcusdt,102061.99,6e-05,buy
1738124821.2,binance,btcusdt,102062.0,0.00243,buy
1738124821.2,binance,btcusdt,102062.0,0.012,buy
1738124821.2,binance,btcusdt,102062.0,0.012,buy
1738124821.2,binance,btcusdt,102062.0,0.012,buy
1738124821.2,binance,btcusdt,102062.0,0.01157,buy
1738124821.2,binance,btcusdt,102062.0,6e-05,buy
1738124821.203,binance,btcusdt,102062.21,0.00012,buy
1738124821.203,binance,btcusdt,102062.21,6e-05,buy
1738124821.203,binance,btcusdt,102063.49,6e-05,buy
1738124821.203,binance,btcusdt,102063.49,9e-05,buy
1738124821.203,binance,btcusdt,102063.49,6e-05,buy
1738124821.206,binance,btcusdt,102063.5,9e-05,buy
1738124821.206,binance,btcusdt,102063.5,6e-05,buy
1738124821.206,binance,btcusdt,102063.5,6e-05,buy
1738124821.206,binance,btcusdt,102063.5,6e-05,buy
1738124821.206,binance,btcusdt,102063.5,6e-05,buy
1738124821.206,binance,btcusdt,102063.5,4e-05,buy
1738124821.206,binance,btcusdt,102063.5,2e-05,buy
1738124821.206,binance,btcusdt,102063.5,6e-05,buy
1738124821.206,binance,btcusdt,102063.5,6e-05,buy
1738124821.206,binance,btcusdt,102063.5,6e-05,buy
1738124821.206,binance,btcusdt,102063.5,6e-05,buy
1738124821.206,binance,btcusdt,102063.99,6e-05,buy
1738124821.206,binance,btcusdt,102064.0,6e-05,buy
1738124821.206,binance,btcusdt,102064.41,0.00756,buy
1738124821.206,binance,btcusdt,102064.41,6e-05,buy
1738124821.206,binance,btcusdt,102064.99,0.004,buy
1738124821.215,binance,btcusdt,102064.99,0.00359,buy
1738124821.215,binance,btcusdt,102064.99,6e-05,buy
1738124821.215,binance,btcusdt,102064.99,6e-05,buy
1738124821.215,binance,btcusdt,102064.99,6e-05,buy
1738124821.215,binance,btcusdt,102064.99,6e-05,buy
1738124821.215,binance,btcusdt,102064.99,6e-05,buy
1738124821.215,binance,btcusdt,102064.99,6e-05,buy
1738124821.215,binance,btcusdt,102064.99,6e-05,buy
1738124821.215,binance,btcusdt,102064.99,6e-05,buy
1738124821.215,binance,btcusdt,102064.99,6e-05,buy
1738124821.215,binance,btcusdt,102064.99,0.00787,buy
1738124822.524,binance,btcusdt,102064.98,0.01348,sell
1738124822.524,binance,btcusdt,102064.98,0.11493,sell
1738124822.524,binance,btcusdt,102064.98,0.01678,sell
1738124822.524,binance,btcusdt,102064.98,0.03522,sell
1738124822.524,binance,btcusdt,102064.98,0.02999,sell
1738124822.524,binance,btcusdt,102064.98,6e-05,sell
1738124822.524,binance,btcusdt,102064.98,6e-05,sell
1738124822.524,binance,btcusdt,102064.98,0.08317,sell
1738124823.035,binance,btcusdt,102064.99,8e-05,buy
1738124823.035,binance,btcusdt,102064.99,6e-05,buy
1738124823.035,binance,btcusdt,102064.99,6e-05,buy
1738124823.035,binance,btcusdt,102064.99,6e-05,buy
1738124823.035,binance,btcusdt,102064.99,6e-05,buy
1738124823.035,binance,btcusdt,102064.99,0.00047,buy
1738124823.134,binance,btcusdt,102064.99,0.00011,buy
1738124823.15,binance,btcusdt,102064.99,0.00699,buy
1738124823.15,binance,btcusdt,102064.99,0.00012,buy
1738124823.15,binance,btcusdt,102064.99,6e-05,buy
1738124823.15,binance,btcusdt,102064.99,6e-05,buy
1738124823.15,binance,btcusdt,102064.99,6e-05,buy
1738124823.15,binance,btcusdt,102064.99,6e-05,buy
1738124823.15,binance,btcusdt,102064.99,0.01959,buy
1738124823.15,binance,btcusdt,102064.99,6e-05,buy
1738124823.15,binance,btcusdt,102064.99,6e-05,buy
1738124823.15,binance,btcusdt,102064.99,6e-05,buy
1738124823.15,binance,btcusdt,102064.99,6e-05,buy
1738124823.15,binance,btcusdt,102064.99,6e-05,buy
1738124823.15,binance,btcusdt,102064.99,6e-05,buy
1738124823.15,binance,btcusdt,102065.0,0.01,buy
1738124823.15,binance,btcusdt,102065.0,6e-05,buy
1738124823.15,binance,btcusdt,102065.15,6e-05,buy
1738124823.151,binance,btcusdt,102065.15,5e-05,buy
1738124823.152,binance,btcusdt,102065.99,6e-05,buy
1738124823.152,binance,btcusdt,102066.0,6e-05,buy
1738124823.152,binance,btcusdt,102066.17,6e-05,buy
1738124823.152,binance,btcusdt,102066.47,6e-05,buy
1738124823.152,binance,btcusdt,102066.99,6e-05,buy
1738124823.153,binance,btcusdt,102069.63,0.00011,buy
1738124823.153,binance,btcusdt,102069.99,6e-05,buy
1738124823.153,binance,btcusdt,102069.99,8e-05,buy
1738124823.153,binance,btcusdt,102069.99,8e-05,buy
1738124823.153,binance,btcusdt,102070.49,6e-05,buy
1738124823.153,binance,btcusdt,102070.49,0.0001,buy
1738124823.153,binance,btcusdt,102070.49,0.0001,buy
1738124823.166,binance,btcusdt,102070.77,6e-05,buy
1738124823.166,binance,btcusdt,102070.77,0.00012,buy
1738124823.166,binance,btcusdt,102070.77,0.00012,buy
1738124823.166,binance,btcusdt,102070.77,6e-05,buy
1738124823.166,binance,btcusdt,102070.77,6e-05,buy
1738124823.166,binance,btcusdt,102070.77,6e-05,buy
1738124823.166,binance,btcusdt,102070.77,6e-05,buy
1738124823.166,binance,btcusdt,102070.77,6e-05,buy
1738124823.166,binance,btcusdt,102070.77,6e-05,buy
1738124823.166,binance,btcusdt,102070.77,6e-05,buy
1738124823.166,binance,btcusdt,102070.77,6e-05,buy
1738124823.166,binance,btcusdt,102070.77,6e-05,buy
1738124823.167,binance,btcusdt,102070.78,6e-05,buy
1738124823.167,binance,btcusdt,102071.29,5e-05,buy
1738124823.167,binance,btcusdt,102072.31,5e-05,buy
1738124823.167,binance,btcusdt,102072.59,0.00112,buy
1738124823.167,binance,btcusdt,102072.59,6e-05,buy
1738124823.167,binance,btcusdt,102072.82,6e-05,buy
1738124823.167,binance,btcusdt,102073.99,0.0008,buy
1738124823.167,binance,btcusdt,102073.99,6e-05,buy
1738124823.167,binance,btcusdt,102074.0,0.01074,buy
1738124823.171,binance,btcusdt,102074.0,0.013,buy
1738124823.969,binance,btcusdt,102073.99,0.00011,sell
1738124826.118,binance,btcusdt,102074.0,6e-05,buy
1738124826.118,binance,btcusdt,102074.0,6e-05,buy
1738124826.118,binance,btcusdt,102074.0,1e-05,buy
1738124826.687,binance,btcusdt,102073.99,0.00026,sell
1738124826.849,binance,btcusdt,102073.99,0.00012,sell
1738124828.998,binance,btcusdt,102074.0,5e-05,buy
1738124828.998,binance,btcusdt,102074.0,0.00018,buy
1738124829.189,binance,btcusdt,102074.0,0.00078,buy
1738124829.209,binance,btcusdt,102074.0,0.00242,buy
1738124829.319,binance,btcusdt,102073.99,0.00077,sell
1738124829.319,binance,btcusdt,102073.99,0.00156,sell
1738124829.319,binance,btcusdt,102073.99,0.00344,sell
1738124829.646,binance,btcusdt,102074.0,6e-05,buy
1738124829.646,binance,btcusdt,102074.0,0.0059,buy
1738124829.646,binance,btcusdt,102074.0,0.00012,buy
1738124829.646,binance,btcusdt,102074.0,0.01959,buy
1738124829.646,binance,btcusdt,102074.0,0.00076,buy
1738124829.646,binance,btcusdt,102074.0,0.00076,buy
1738124829.646,binance,btcusdt,102074.0,6e-05,buy
1738124829.646,binance,btcusdt,102074.0,6e-05,buy
1738124829.646,binance,btcusdt,102074.0,0.00012,buy
1738124829.646,binance,btcusdt,102074.0,0.00489,buy
1738124829.646,binance,btcusdt,102074.0,0.00077,buy
1738124829.646,binance,btcusdt,102074.0,6e-05,buy
1738124829.646,binance,btcusdt,102074.0,6e-05,buy
1738124829.646,binance,btcusdt,102074.0,6e-05,buy
1738124829.646,binance,btcusdt,102074.0,6e-05,buy
1738124829.646,binance,btcusdt,102074.0,6e-05,buy
1738124829.646,binance,btcusdt,102074.0,6e-05,buy
1738124829.646,binance,btcusdt,102074.09,6e-05,buy
1738124829.646,binance,btcusdt,102074.09,6e-05,buy
1738124829.646,binance,btcusdt,102074.1,0.00079,buy
1738124829.646,binance,btcusdt,102074.1,6e-05,buy
1738124829.646,binance,btcusdt,102074.11,6e-05,buy
1738124829.646,binance,btcusdt,102074.21,6e-05,buy
1738124829.646,binance,btcusdt,102074.22,6e-05,buy
1738124829.646,binance,btcusdt,102074.23,6e-05,buy
1738124829.646,binance,btcusdt,102074.35,6e-05,buy
1738124829.646,binance,btcusdt,102074.4,0.0001,buy
1738124829.651,binance,btcusdt,102075.99,6e-05,buy
1738124829.651,binance,btcusdt,102075.99,6e-05,buy
1738124829.651,binance,btcusdt,102077.12,6e-05,buy
1738124829.698,binance,btcusdt,102077.12,0.01,sell
1738124829.716,binance,btcusdt,102077.13,0.00757,buy
1738124829.716,binance,btcusdt,102077.13,6e-05,buy
1738124829.716,binance,btcusdt,102077.13,6e-05,buy
1738124829.716,binance,btcusdt,102077.13,6e-05,buy
1738124829.716,binance,btcusdt,102077.13,6e-05,buy
1738124829.716,binance,btcusdt,102077.13,6e-05,buy
1738124829.716,binance,btcusdt,102077.13,6e-05,buy
1738124829.716,binance,btcusdt,102077.13,6e-05,buy
1738124829.716,binance,btcusdt,102077.13,6e-05,buy
1738124829.716,binance,btcusdt,102077.13,6e-05,buy
1738124829.716,binance,btcusdt,102077.13,0.00012,buy
1738124829.716,binance,btcusdt,102077.13,0.0471,buy
1738124829.716,binance,btcusdt,102077.16,0.00011,buy
1738124829.716,binance,btcusdt,102077.16,6e-05,buy
1738124829.716,binance,btcusdt,102077.42,6e-05,buy
1738124829.716,binance,btcusdt,102077.49,0.0001,buy
1738124829.716,binance,btcusdt,102077.49,0.0001,buy
1738124829.716,binance,btcusdt,102077.49,6e-05,buy
1738124829.716,binance,btcusdt,102077.99,0.00012,buy
1738124829.716,binance,btcusdt,102077.99,0.00012,buy
1738124829.716,binance,btcusdt,102077.99,6e-05,buy
1738124829.716,binance,btcusdt,102078.45,5e-05,buy
1738124829.716,binance,btcusdt,102078.45,6e-05,buy
1738124829.716,binance,btcusdt,102079.28,6e-05,buy
1738124829.716,binance,btcusdt,102079.29,6e-05,buy
1738124829.716,binance,btcusdt,102079.29,6e-05,buy
1738124829.739,binance,btcusdt,102079.29,0.16447,sell
1738124829.739,binance,btcusdt,102079.29,0.00114,sell
1738124829.739,binance,btcusdt,102079.29,0.05243,sell
1738124829.739,binance,btcusdt,102079.29,0.00072,sell
1738124829.739,binance,btcusdt,102079.29,0.05514,sell
1738124830.749,binance,btcusdt,102079.3,6e-05,buy
1738124830.749,binance,btcusdt,102079.3,6e-05,buy
1738124830.749,binance,btcusdt,102079.3,6e-05,buy
1738124830.749,binance,btcusdt,102079.3,6e-05,buy
1738124830.749,binance,btcusdt,102079.3,6e-05,buy
1738124830.749,binance,btcusdt,102079.3,6e-05,buy
1738124830.749,binance,btcusdt,102079.3,6e-05,buy
1738124830.749,binance,btcusdt,102079.3,6e-05,buy
1738124830.749,binance,btcusdt,102079.3,0.00011,buy
1738124830.749,binance,btcusdt,102079.3,0.00011,buy
1738124830.749,binance,btcusdt,102079.3,0.00082,buy
1738124831.162,binance,btcusdt,102079.29,0.00032,sell
1738124831.265,binance,btcusdt,102079.29,0.00157,sell
1738124833.687,binance,btcusdt,102079.3,6e-05,buy
1738124833.687,binance,btcusdt,102079.3,6e-05,buy
1738124833.687,binance,btcusdt,102079.3,6e-05,buy
1738124833.687,binance,btcusdt,102079.3,6e-05,buy
1738124833.687,binance,btcusdt,102079.3,6e-05,buy
1738124833.687,binance,btcusdt,102079.3,6e-05,buy
1738124833.687,binance,btcusdt,102079.3,6e-05,buy
1738124833.687,binance,btcusdt,102079.3,6e-05,buy
1738124833.687,binance,btcusdt,102079.3,6e-05,buy
1738124833.687,binance,btcusdt,102079.3,0.00011,buy
1738124833.689,binance,btcusdt,102079.47,6e-05,buy
1738124833.689,binance,btcusdt,102079.5,0.0001,buy
1738124833.689,binance,btcusdt,102079.5,6e-05,buy
1738124833.689,binance,btcusdt,102079.57,6e-05,buy
1738124833.689,binance,btcusdt,102080.15,6e-05,buy
1738124833.689,binance,btcusdt,102080.16,6e-05,buy
1738124833.689,binance,btcusdt,102080.49,5e-05,buy
1738124833.689,binance,btcusdt,102080.49,6e-05,buy
1738124833.689,binance,btcusdt,102080.75,6e-05,buy
1738124833.689,binance,btcusdt,102080.99,6e-05,buy
1738124910.949,binance,btcusdt,102115.99,0.00475,sell
1738124911.332,binance,btcusdt,102115.99,7e-05,sell
1738124911.771,binance,btcusdt,102115.99,0.00039,sell
1738124912.425,binance,btcusdt,102115.99,0.00101,sell
1738124912.603,binance,btcusdt,102116.0,0.02695,buy
1738124912.671,binance,btcusdt,102116.0,0.00012,buy
1738124912.671,binance,btcusdt,102116.0,6e-05,buy
1738124912.671,binance,btcusdt,102116.0,0.00282,buy
1738124912.732,binance,btcusdt,102116.0,0.004,buy
1738124912.907,binance,btcusdt,102116.0,0.001,buy
1738124912.912,binance,btcusdt,102116.0,0.01,buy
1738124912.916,binance,btcusdt,102116.0,0.00176,buy
1738124912.916,binance,btcusdt,102116.0,0.00012,buy
1738124912.916,binance,btcusdt,102116.0,0.00412,buy
1738124912.929,binance,btcusdt,102116.0,0.001,buy
1738124912.939,binance,btcusdt,102116.0,7e-05,buy
1738124912.973,binance,btcusdt,102116.0,0.01,buy
1738124912.984,binance,btcusdt,102116.0,0.01,buy
1738124912.998,binance,btcusdt,102116.0,0.009,buy
1738124913.008,binance,btcusdt,102116.0,0.014,buy
1738124913.015,binance,btcusdt,102116.0,0.00011,buy
1738124913.034,binance,btcusdt,102116.0,0.0007,buy
1738124913.034,binance,btcusdt,102116.0,0.00017,buy
1738124913.034,binance,btcusdt,102116.0,6e-05,buy
1738124913.034,binance,btcusdt,102116.0,6e-05,buy
1738124913.034,binance,btcusdt,102116.0,6e-05,buy
1738124913.034,binance,btcusdt,102116.0,6e-05,buy
1738124913.034,binance,btcusdt,102116.0,6e-05,buy
1738124913.034,binance,btcusdt,102116.0,0.00024,buy
1738124913.034,binance,btcusdt,102116.0,6e-05,buy
1738124913.034,binance,btcusdt,102116.0,6e-05,buy
1738124913.034,binance,btcusdt,102116.0,6e-05,buy
1738124913.034,binance,btcusdt,102116.0,0.00035,buy
1738124913.034,binance,btcusdt,102116.0,6e-05,buy
1738124913.034,binance,btcusdt,102116.0,0.00011,buy
1738124913.034,binance,btcusdt,102116.09,6e-05,buy
1738124913.034,binance,btcusdt,102116.11,6e-05,buy
1738124913.034,binance,btcusdt,102116.22,6e-05,buy
1738124913.034,binance,btcusdt,102116.35,6e-05,buy
1738124913.034,binance,btcusdt,102116.36,6e-05,buy
1738124913.034,binance,btcusdt,102116.41,6e-05,buy
1738124913.034,binance,btcusdt,102116.42,6e-05,buy
1738124913.034,binance,btcusdt,102117.28,0.00026,buy
1738124913.034,binance,btcusdt,102117.85,0.0001,buy
1738124913.034,binance,btcusdt,102117.86,0.00038,buy
1738124913.034,binance,btcusdt,102118.96,0.00273,buy
1738124913.035,binance,btcusdt,102118.96,0.01,buy
1738124913.102,binance,btcusdt,102118.96,0.013,buy
1738124913.104,binance,btcusdt,102118.96,0.006,buy
1738124913.107,binance,btcusdt,102118.96,0.00419,buy
1738124913.107,binance,btcusdt,102118.96,6e-05,buy
1738124913.107,binance,btcusdt,102118.96,6e-05,buy
1738124913.107,binance,btcusdt,102118.96,6e-05,buy
1738124913.107,binance,btcusdt,102118.96,6e-05,buy
1738124913.107,binance,btcusdt,102118.96,6e-05,buy
1738124913.107,binance,btcusdt,102118.96,6e-05,buy
1738124913.107,binance,btcusdt,102118.96,6e-05,buy
1738124913.107,binance,btcusdt,102118.96,6e-05,buy
1738124913.107,binance,btcusdt,102118.96,6e-05,buy
1738124913.107,binance,btcusdt,102118.96,0.00011,buy
1738124913.107,binance,btcusdt,102119.15,0.005,buy
1738124913.107,binance,btcusdt,102119.15,6e-05,buy
1738124913.107,binance,btcusdt,102120.0,0.01958,buy
1738124913.107,binance,btcusdt,102120.0,0.004,buy
1738124913.107,binance,btcusdt,102120.0,0.003,buy
1738124913.107,binance,btcusdt,102120.0,0.00132,buy
1738124913.107,binance,btcusdt,102120.0,6e-05,buy
1738124913.107,binance,btcusdt,102120.54,0.00017,buy
1738124913.107,binance,btcusdt,102120.54,6e-05,buy
1738124913.107,binance,btcusdt,102121.08,6e-05,buy
1738124913.107,binance,btcusdt,102121.43,0.0001,buy
1738124913.107,binance,btcusdt,102121.43,6e-05,buy
1738124913.107,binance,btcusdt,102122.85,8e-05,buy
1738124913.107,binance,btcusdt,102122.85,6e-05,buy
1738124913.107,binance,btcusdt,102122.86,0.003,buy
1738124913.107,binance,btcusdt,102122.86,6e-05,buy
1738124913.179,binance,btcusdt,102123.0,0.01,buy
1738124913.203,binance,btcusdt,102123.0,0.009,buy
1738124913.268,binance,btcusdt,102123.0,0.009,buy
1738124913.309,binance,btcusdt,102122.99,0.00134,sell
1738124913.452,binance,btcusdt,102123.0,0.00011,buy
1738124913.952,binance,btcusdt,102123.0,0.00011,buy
1738124914.678,binance,btcusdt,102123.0,0.013,buy
1738124914.679,binance,btcusdt,102123.0,0.013,buy
1738124914.785,binance,btcusdt,102123.0,0.06997,buy
1738124914.869,binance,btcusdt,102123.0,0.00016,buy
1738124915.385,binance,btcusdt,102122.99,0.00137,sell
1738124916.623,binance,btcusdt,102122.99,0.00046,sell
1738124917.571,binance,btcusdt,102122.99,0.00187,sell
1738124918.829,binance,btcusdt,102122.99,0.0002,sell
1738124920.127,binance,btcusdt,102122.99,0.0005,sell
1738124920.397,binance,btcusdt,102123.0,0.0173,buy
1738124920.404,binance,btcusdt,102123.0,0.0005,buy
1738124920.411,binance,btcusdt,102123.0,0.0173,buy
1738124920.452,binance,btcusdt,102123.0,0.01,buy
1738124921.046,binance,btcusdt,102122.99,0.0003,sell
1738124921.306,binance,btcusdt,102123.0,0.0001,buy
1738124921.72,binance,btcusdt,102123.0,0.0021,buy
1738124922.081,binance,btcusdt,102123.0,0.0001,buy
1738124922.54,binance,btcusdt,102123.0,0.004,buy
1738124922.982,binance,btcusdt,102122.99,0.01,sell
1738124923.0,binance,btcusdt,102123.0,0.004,buy
1738124923.075,binance,btcusdt,102123.0,0.0053,buy
1738124923.188,binance,btcusdt,102123.0,0.0001,buy
1738124923.275,binance,btcusdt,102122.99,0.00089,sell
1738124923.67,binance,btcusdt,102123.0,0.0021,buy
1738124924.057,binance,btcusdt,102123.0,0.0002,buy
1738124924.435,binance,btcusdt,102123.0,0.17055,buy
1738124924.435,binance,btcusdt,102123.0,6e-05,buy
1738124924.435,binance,btcusdt,102123.0,6e-05,buy
1738124924.435,binance,btcusdt,102123.0,6e-05,buy
1738124924.435,binance,btcusdt,102123.0,6e-05,buy
1738124924.435,binance,btcusdt,102123.0,6e-05,buy
1738124924.435,binance,btcusdt,102123.0,6e-05,buy
1738124924.435,binance,btcusdt,102123.0,6e-05,buy
1738124924.435,binance,btcusdt,102123.0,0.00011,buy
1738124924.435,binance,btcusdt,102123.0,6e-05,buy
1738124924.435,binance,btcusdt,102123.0,0.00141,buy
1738124924.435,binance,btcusdt,102123.0,6e-05,buy
1738124924.435,binance,btcusdt,102123.12,0.00011,buy
1738124924.435,binance,btcusdt,102123.12,6e-05,buy
1738124924.435,binance,btcusdt,102124.0,0.0005,buy
1738124924.435,binance,btcusdt,102124.0,0.004,buy
1738124924.435,binance,btcusdt,102124.0,0.003,buy
1738124924.435,binance,btcusdt,102124.0,6e-05,buy
1738124924.435,binance,btcusdt,102124.18,0.0001,buy
1738124924.435,binance,btcusdt,102124.18,6e-05,buy
1738124924.435,binance,btcusdt,102124.46,6e-05,buy
1738124924.435,binance,btcusdt,102124.54,0.00023,buy
1738124924.435,binance,btcusdt,102124.54,6e-05,buy
1738124924.435,binance,btcusdt,102124.79,0.00038,buy
1738124924.435,binance,btcusdt,102124.79,6e-05,buy
1738124924.435,binance,btcusdt,102125.42,6e-05,buy
1738124924.435,binance,btcusdt,102126.0,0.00672,buy
1738124924.506,binance,btcusdt,102126.0,6e-05,buy
1738124924.506,binance,btcusdt,102126.0,5e-05,buy
1738124925.021,binance,btcusdt,102126.0,1e-05,buy
1738124925.021,binance,btcusdt,102126.0,6e-05,buy
1738124925.021,binance,btcusdt,102126.0,6e-05,buy
1738124925.021,binance,btcusdt,102126.0,6e-05,buy
1738124925.021,binance,btcusdt,102126.0,6e-05,buy
1738124925.021,binance,btcusdt,102126.0,6e-05,buy
1738124925.021,binance,btcusdt,102126.0,6e-05,buy
1738124925.021,binance,btcusdt,102126.0,6e-05,buy
1738124925.021,binance,btcusdt,102126.0,0.00012,buy
1738124925.021,binance,btcusdt,102126.0,6e-05,buy
1738124925.021,binance,btcusdt,102126.0,0.0471,buy
1738124925.021,binance,btcusdt,102126.0,0.18132,buy
1738124925.485,binance,btcusdt,102125.99,8e-05,sell
1738124925.485,binance,btcusdt,102125.99,5e-05,sell
1738124925.485,binance,btcusdt,102125.99,6e-05,sell
1738124925.485,binance,btcusdt,102125.99,6e-05,sell
1738124925.485,binance,btcusdt,102125.99,6e-05,sell
1738124925.485,binance,btcusdt,102125.99,6e-05,sell
1738124925.485,binance,btcusdt,102125.99,0.00011,sell
1738124925.485,binance,btcusdt,102125.99,4e-05,sell
1738124925.726,binance,btcusdt,102125.99,7e-05,sell
1738124925.726,binance,btcusdt,102125.99,0.00125,sell
1738124925.726,binance,btcusdt,102125.99,6e-05,sell
1738124925.726,binance,btcusdt,102125.99,6e-05,sell
1738124925.726,binance,btcusdt,102125.99,6e-05,sell
1738124925.726,binance,btcusdt,102125.99,6e-05,sell
1738124925.726,binance,btcusdt,102125.99,6e-05,sell
1738124925.726,binance,btcusdt,102125.99,0.00754,sell
1738124925.726,binance,btcusdt,102125.99,0.00044,sell
1738124925.798,binance,btcusdt,102126.0,6e-05,buy
1738124925.798,binance,btcusdt,102126.0,6e-05,buy
1738124925.798,binance,btcusdt,102126.0,6e-05,buy
1738124925.798,binance,btcusdt,102126.0,6e-05,buy
1738124926.014,binance,btcusdt,102125.99,0.00032,sell
1738124926.014,binance,btcusdt,102125.99,0.00036,sell
1738124926.278,binance,btcusdt,102125.99,0.00041,sell
1738124926.278,binance,btcusdt,102125.99,6e-05,sell
1738124926.278,binance,btcusdt,102125.99,6e-05,sell
1738124926.278,binance,btcusdt,102125.99,0.00199,sell
1738124926.278,binance,btcusdt,102125.99,6e-05,sell
1738124926.278,binance,btcusdt,102125.99,6e-05,sell
1738124926.278,binance,btcusdt,102125.99,5e-05,sell
1738124926.278,binance,btcusdt,102125.99,0.0105,sell
1738124926.953,binance,btcusdt,102125.99,0.00199,sell
1738124927.228,binance,btcusdt,102126.0,6e-05,buy
1738124927.228,binance,btcusdt,102126.0,0.00012,buy
1738124927.228,binance,btcusdt,102126.0,0.0471,buy
1738124927.228,binance,btcusdt,102126.0,0.0328,buy
1738124927.228,binance,btcusdt,102126.0,0.09894,buy
1738124927.399,binance,btcusdt,102126.0,0.00215,buy
1738124927.506,binance,btcusdt,102126.0,0.00011,buy
1738124927.624,binance,btcusdt,102126.0,0.00048,buy
1738124928.008,binance,btcusdt,102126.0,0.00011,buy
1738124928.566,binance,btcusdt,102126.0,0.006,buy
1738124929.158,binance,btcusdt,102126.0,0.00034,buy
1738124929.26,binance,btcusdt,102125.99,0.00048,sell
1738124929.505,binance,btcusdt,102125.99,0.00067,sell
1738124930.595,binance,btcusdt,102125.99,0.00013,sell
1738124930.919,binance,btcusdt,102125.99,0.00014,sell
1738124931.575,binance,btcusdt,102126.0,0.01866,buy
1738124931.718,binance,btcusdt,102126.0,0.004,buy
1738124931.743,binance,btcusdt,102126.0,0.01,buy
1738124931.76,binance,btcusdt,102126.0,0.01,buy
1738124931.769,binance,btcusdt,102126.0,0.01,buy
1738124932.699,binance,btcusdt,102126.0,0.003,buy
1738124932.811,binance,btcusdt,102125.99,0.04369,sell
1738124932.811,binance,btcusdt,102125.99,0.00062,sell
1738124932.811,binance,btcusdt,102125.99,0.01,sell
1738124932.811,binance,btcusdt,102125.99,8e-05,sell
1738124932.811,binance,btcusdt,102125.99,6e-05,sell
1738124932.811,binance,btcusdt,102125.99,6e-05,sell
1738124932.811,binance,btcusdt,102125.99,6e-05,sell
1738124932.811,binance,btcusdt,102125.99,5e-05,sell
1738124932.811,binance,btcusdt,102125.99,0.00011,sell
1738124932.811,binance,btcusdt,102125.99,0.00015,sell
1738124932.811,binance,btcusdt,102125.99,6e-05,sell
1738124932.811,binance,btcusdt,102125.99,6e-05,sell
1738124932.811,binance,btcusdt,102125.99,6e-05,sell
1738124932.811,binance,btcusdt,102125.99,6e-05,sell
1738124932.811,binance,btcusdt,102125.99,6e-05,sell
1738124932.811,binance,btcusdt,102125.99,0.00077,sell
1738124932.811,binance,btcusdt,102125.99,0.01405,sell
1738124932.853,binance,btcusdt,102126.0,6e-05,buy
1738124932.853,binance,btcusdt,102126.0,6e-05,buy
1738124932.853,binance,btcusdt,102126.0,6e-05,buy
1738124932.853,binance,btcusdt,102126.0,6e-05,buy
1738124932.853,binance,btcusdt,102126.0,0.01958,buy
1738124932.853,binance,btcusdt,102126.0,6e-05,buy
1738124932.853,binance,btcusdt,102126.0,6e-05,buy
1738124932.853,binance,btcusdt,102126.0,0.00012,buy
1738124932.853,binance,btcusdt,102126.0,6e-05,buy
1738124932.853,binance,btcusdt,102126.0,6e-05,buy
1738124932.853,binance,btcusdt,102126.0,0.00012,buy
1738124932.853,binance,btcusdt,102126.0,0.00755,buy
1738124932.853,binance,btcusdt,102126.0,6e-05,buy
1738124932.853,binance,btcusdt,102126.05,6e-05,buy
1738124932.853,binance,btcusdt,102126.16,6e-05,buy
1738124932.853,binance,btcusdt,102126.3,6e-05,buy
1738124932.853,binance,btcusdt,102126.43,6e-05,buy
1738124932.853,binance,btcusdt,102126.5,6e-05,buy
1738124932.853,binance,btcusdt,102126.85,6e-05,buy
1738124932.853,binance,btcusdt,102127.86,6e-05,buy
1738124932.87,binance,btcusdt,102127.91,7e-05,buy
1738124937.542,binance,btcusdt,102127.9,0.001,sell
1738124938.027,binance,btcusdt,102127.91,0.01,buy
1738124938.056,binance,btcusdt,102127.91,0.009,buy
1738124938.059,binance,btcusdt,102127.91,0.00061,buy
1738124938.095,binance,btcusdt,102127.91,0.006,buy
1738124938.135,binance,btcusdt,102127.91,0.013,buy
1738124938.152,binance,btcusdt,102127.91,0.01,buy
1738124938.163,binance,btcusdt,102127.91,6e-05,buy
1738124938.163,binance,btcusdt,102127.91,0.00994,buy
1738124938.172,binance,btcusdt,102127.91,0.01,buy
1738124938.255,binance,btcusdt,102127.91,0.006,buy
1738124938.271,binance,btcusdt,102127.91,0.014,buy
1738124938.299,binance,btcusdt,102127.91,0.0088,buy
1738124938.299,binance,btcusdt,102127.91,6e-05,buy
1738124938.299,binance,btcusdt,102127.91,6e-05,buy
1738124938.299,binance,btcusdt,102127.91,6e-05,buy
1738124938.299,binance,btcusdt,102127.91,2e-05,buy
1738124938.556,binance,btcusdt,102127.91,4e-05,buy
1738124938.556,binance,btcusdt,102127.91,6e-05,buy
1738124938.556,binance,btcusdt,102127.91,6e-05,buy
1738124938.556,binance,btcusdt,102127.91,6e-05,buy
1738124938.556,binance,btcusdt,102127.91,6e-05,buy
1738124938.556,binance,btcusdt,102127.91,0.00011,buy
1738124938.556,binance,btcusdt,102127.91,6e-05,buy
1738124938.556,binance,btcusdt,102127.91,0.00855,buy
1738124939.032,binance,btcusdt,102127.91,0.00011,buy
1738124940.385,binance,btcusdt,102127.91,0.00063,buy
1738124940.385,binance,btcusdt,102127.91,6e-05,buy
1738124940.385,binance,btcusdt,102127.91,6e-05,buy
1738124940.385,binance,btcusdt,102127.91,6e-05,buy
1738124940.385,binance,btcusdt,102127.91,6e-05,buy
1738124940.385,binance,btcusdt,102127.91,6e-05,buy
1738124940.385,binance,btcusdt,102127.91,6e-05,buy
1738124940.385,binance,btcusdt,102127.91,6e-05,buy
1738124940.385,binance,btcusdt,102127.91,6e-05,buy
1738124940.385,binance,btcusdt,102127.91,6e-05,buy
1738124940.385,binance,btcusdt,102127.91,0.00011,buy
1738124940.385,binance,btcusdt,102128.0,0.00272,buy
1738124940.517,binance,btcusdt,102128.0,0.00011,buy
1738124940.66,binance,btcusdt,102128.0,0.00117,buy
1738124940.66,binance,btcusdt,102128.0,0.00183,buy
1738124940.669,binance,btcusdt,102128.0,0.00117,buy
1738124940.669,binance,btcusdt,102128.0,6e-05,buy
1738124940.669,binance,btcusdt,102128.0,6e-05,buy
1738124940.669,binance,btcusdt,102128.0,6e-05,buy
1738124940.669,binance,btcusdt,102128.0,6e-05,buy
1738124940.669,binance,btcusdt,102128.0,6e-05,buy
1738124940.669,binance,btcusdt,102128.0,6e-05,buy
1738124940.669,binance,btcusdt,102128.0,6e-05,buy
1738124940.669,binance,btcusdt,102128.0,6e-05,buy
1738124940.669,binance,btcusdt,102128.0,6e-05,buy
1738124940.669,binance,btcusdt,102128.0,0.00044,buy
1738124940.669,binance,btcusdt,102128.0,0.00011,buy
1738124940.669,binance,btcusdt,102128.18,0.01262,buy
1738124940.669,binance,btcusdt,102128.18,6e-05,buy
1738124940.669,binance,btcusdt,102128.47,0.01426,buy
1738124940.669,binance,btcusdt,102128.47,6e-05,buy
1738124940.669,binance,btcusdt,102128.51,6e-05,buy
1738124940.669,binance,btcusdt,102128.52,6e-05,buy
1738124940.669,binance,btcusdt,102128.64,0.00018,buy
1738124940.669,binance,btcusdt,102128.64,6e-05,buy
1738124940.669,binance,btcusdt,102129.43,6e-05,buy
1738124940.669,binance,btcusdt,102129.81,0.00456,buy
1738124940.669,binance,btcusdt,102129.81,6e-05,buy
1738124940.669,binance,btcusdt,102129.99,9e-05,buy
1738124940.669,binance,btcusdt,102131.06,0.005,buy
1738124940.669,binance,btcusdt,102131.95,0.0001,buy
1738124940.669,binance,btcusdt,102132.0,0.004,buy
1738124940.669,binance,btcusdt,102132.0,0.003,buy
1738124940.669,binance,btcusdt,102132.87,5e-05,buy
1738124940.669,binance,btcusdt,102132.87,0.001,buy
1738124940.669,binance,btcusdt,102132.96,0.00099,buy
1738124940.669,binance,btcusdt,102133.07,0.005,buy
1738124940.669,binance,btcusdt,102133.11,0.00011,buy
1738124940.669,binance,btcusdt,102133.19,0.00456,buy
1738124940.94,binance,btcusdt,102133.34,0.001,buy
1738124940.94,binance,btcusdt,102133.34,0.013,buy
1738124940.94,binance,btcusdt,102133.34,0.001,buy
1738124940.941,binance,btcusdt,102133.34,0.013,buy
1738124940.941,binance,btcusdt,102133.34,0.001,buy
1738124940.941,binance,btcusdt,102133.34,0.013,buy
1738124940.941,binance,btcusdt,102133.34,0.001,buy
1738124940.941,binance,btcusdt,102133.34,0.013,buy
1738124940.941,binance,btcusdt,102133.34,0.013,buy
1738124940.941,binance,btcusdt,102133.34,0.013,buy
1738124940.941,binance,btcusdt,102133.34,0.001,buy
1738124940.941,binance,btcusdt,102133.34,0.001,buy
1738124940.942,binance,btcusdt,102133.34,0.013,buy
1738124940.942,binance,btcusdt,102133.34,0.013,buy
1738124940.942,binance,btcusdt,102133.34,0.013,buy
1738124940.942,binance,btcusdt,102133.34,0.001,buy
1738124940.942,binance,btcusdt,102133.34,0.001,buy
1738124940.942,binance,btcusdt,102133.34,0.001,buy
1738124940.943,binance,btcusdt,102133.34,0.013,buy
1738124941.018,binance,btcusdt,102133.34,6e-05,buy
1738124941.018,binance,btcusdt,102133.34,5e-05,buy
1738124941.036,binance,btcusdt,102133.33,0.00523,sell
1738124941.084,binance,btcusdt,102133.34,0.00011,buy
1738124941.626,binance,btcusdt,102133.34,0.0001,buy
1738124942.178,binance,btcusdt,102133.34,0.00028,buy
1738124942.359,binance,btcusdt,102133.34,0.00014,buy
1738124943.577,binance,btcusdt,102133.34,0.0003,buy
1738124943.607,binance,btcusdt,102133.33,0.0064,sell
1738124944.132,binance,btcusdt,102133.33,0.00059,sell
1738124944.132,binance,btcusdt,102133.33,0.00057,sell
1738124944.218,binance,btcusdt,102133.33,8e-05,sell
1738124944.502,binance,btcusdt,102133.34,0.00181,buy
1738124946.638,binance,btcusdt,102133.34,0.01268,buy
1738124948.278,binance,btcusdt,102133.33,0.01712,sell
1738124949.295,binance,btcusdt,102133.34,0.00023,buy
1738124950.529,binance,btcusdt,102133.33,0.00034,sell
1738124951.256,binance,btcusdt,102133.33,0.00012,sell
1738124953.625,binance,btcusdt,102133.33,0.00045,sell
1738124954.205,binance,btcusdt,102133.34,6e-05,buy
1738124954.205,binance,btcusdt,102133.34,6e-05,buy
1738124954.205,binance,btcusdt,102133.34,6e-05,buy
1738124954.205,binance,btcusdt,102133.34,6e-05,buy
1738124954.205,binance,btcusdt,102133.34,9e-05,buy
1738124954.205,binance,btcusdt,102133.34,6e-05,buy
1738124954.205,binance,btcusdt,102133.34,0.00108,buy
1738124954.758,binance,btcusdt,102133.33,9e-05,sell
1738124954.758,binance,btcusdt,102133.33,5e-05,sell
1738124954.758,binance,btcusdt,102133.33,6e-05,sell
1738124954.758,binance,btcusdt,102133.33,6e-05,sell
1738124954.758,binance,btcusdt,102133.33,6e-05,sell
1738124954.758,binance,btcusdt,102133.33,0.00458,sell
1738124954.834,binance,btcusdt,102133.34,0.0004,buy
1738124955.43,binance,btcusdt,102133.33,0.00303,sell
1738124955.43,binance,btcusdt,102133.33,0.01958,sell
1738124955.43,binance,btcusdt,102133.33,0.0076,sell
1738124955.43,binance,btcusdt,102133.33,0.00078,sell
1738124955.43,binance,btcusdt,102133.33,0.00076,sell
1738124955.43,binance,btcusdt,102133.33,0.00012,sell
1738124955.43,binance,btcusdt,102133.33,6e-05,sell
1738124955.43,binance,btcusdt,102133.33,6e-05,sell
1738124955.43,binance,btcusdt,102133.33,0.0343,sell
1738124955.43,binance,btcusdt,102133.33,0.0028,sell
1738124955.43,binance,btcusdt,102133.33,0.00195,sell
1738124955.43,binance,btcusdt,102133.33,6e-05,sell
1738124955.43,binance,btcusdt,102133.33,6e-05,sell
1738124955.43,binance,btcusdt,102133.33,6e-05,sell
1738124955.43,binance,btcusdt,102133.33,6e-05,sell
1738124955.43,binance,btcusdt,102133.33,6e-05,sell
1738124955.43,binance,btcusdt,102133.33,6e-05,sell
1738124955.43,binance,btcusdt,102133.33,0.00252,sell
1738124955.43,binance,btcusdt,102133.33,0.00044,sell
1738124955.43,binance,btcusdt,102133.33,0.2398,sell
1738124955.43,binance,btcusdt,102133.33,0.0471,sell
1738124955.43,binance,btcusdt,102133.33,0.01,sell
1738124955.43,binance,btcusdt,102133.33,5e-05,sell
1738124955.43,binance,btcusdt,102133.33,6e-05,sell
1738124955.43,binance,btcusdt,102133.33,6e-05,sell
1738124955.43,binance,btcusdt,102133.33,6e-05,sell
1738124955.43,binance,btcusdt,102133.33,9e-05,sell
1738124955.43,binance,btcusdt,102133.33,0.00199,sell
1738124955.43,binance,btcusdt,102133.33,0.11493,sell
1738124955.43,binance,btcusdt,102133.33,0.00078,sell
1738124956.001,binance,btcusdt,102133.32,6e-05,sell
1738124956.001,binance,btcusdt,102133.32,6e-05,sell
1738124956.001,binance,btcusdt,102133.32,6e-05,sell
1738124956.001,binance,btcusdt,102133.32,6e-05,sell
1738124956.001,binance,btcusdt,102133.32,6e-05,sell
1738124956.001,binance,btcusdt,102133.32,6e-05,sell
1738124956.001,binance,btcusdt,102133.32,6e-05,sell
1738124956.001,binance,btcusdt,102133.32,6e-05,sell
1738124956.001,binance,btcusdt,102133.32,6e-05,sell
1738124956.001,binance,btcusdt,102133.32,6e-05,sell
1738124956.001,binance,btcusdt,102133.32,6e-05,sell
1738124956.001,binance,btcusdt,102133.32,0.00133,sell
1738124956.705,binance,btcusdt,102133.32,0.00149,sell
1738124957.621,binance,btcusdt,102133.33,0.00019,buy
1738124958.552,binance,btcusdt,102133.32,0.00253,sell
1738124958.629,binance,btcusdt,102133.32,0.00048,sell
1738124958.85,binance,btcusdt,102133.32,0.00086,sell
1738124959.09,binance,btcusdt,102133.33,0.00026,buy
1738124959.769,binance,btcusdt,102133.32,0.00199,sell
1738124960.042,binance,btcusdt,102133.33,0.0001,buy
1738124960.45,binance,btcusdt,102133.32,0.00028,sell
1738124960.665,binance,btcusdt,102133.32,0.00104,sell
1738124960.665,binance,btcusdt,102133.32,0.00424,sell
1738124961.134,binance,btcusdt,102133.33,0.00011,buy
1738124961.64,binance,btcusdt,102133.33,0.00079,buy
1738124961.884,binance,btcusdt,102133.32,6e-05,sell
1738124961.937,binance,btcusdt,102133.32,0.00049,sell
1738124962.676,binance,btcusdt,102133.33,0.00046,buy
1738124963.528,binance,btcusdt,102133.32,0.0005,sell
1738124963.625,binance,btcusdt,102133.33,0.00831,buy
1738124963.625,binance,btcusdt,102133.33,0.00076,buy
1738124963.627,binance,btcusdt,102133.33,0.00907,buy
1738124963.787,binance,btcusdt,102133.32,0.00098,sell
1738124963.981,binance,btcusdt,102133.32,0.00588,sell
1738124964.289,binance,btcusdt,102133.33,0.00011,buy
1738124964.583,binance,btcusdt,102133.33,5e-05,buy
1738124965.164,binance,btcusdt,102133.32,0.0003,sell
1738124965.579,binance,btcusdt,102133.33,0.00038,buy
1738124966.087,binance,btcusdt,102133.32,9e-05,sell
1738124967.187,binance,btcusdt,102133.33,4e-05,buy
1738124967.533,binance,btcusdt,102133.33,0.003,buy
1738124968.916,binance,btcusdt,102133.33,0.00019,buy
1738124968.931,binance,btcusdt,102133.33,0.00024,buy
1738124970.607,binance,btcusdt,102133.32,0.0002,sell
1738124971.528,binance,btcusdt,102133.32,0.02006,sell
1738124971.528,binance,btcusdt,102133.32,0.0471,sell
1738124971.528,binance,btcusdt,102133.32,0.04795,sell
1738124971.835,binance,btcusdt,102133.32,6e-05,sell
1738124973.338,binance,btcusdt,102133.33,0.0278,buy
1738124973.348,binance,btcusdt,102133.33,0.01131,buy
1738124974.274,binance,btcusdt,102133.33,0.0005,buy
1738124974.287,binance,btcusdt,102133.32,0.00013,sell
1738124978.493,binance,btcusdt,102133.32,0.00023,sell
1738124989.858,binance,btcusdt,102133.33,0.00017,buy
1738124990.199,binance,btcusdt,102133.32,0.00019,sell
1738124992.612,binance,btcusdt,102133.32,2e-05,sell
1738124992.612,binance,btcusdt,102133.32,6e-05,sell
1738124992.612,binance,btcusdt,102133.32,0.0003,sell
1738124992.678,binance,btcusdt,102133.32,0.00046,sell
1738124992.678,binance,btcusdt,102133.32,0.00078,sell
1738124992.678,binance,btcusdt,102133.32,0.00037,sell
1738124992.678,binance,btcusdt,102133.32,0.01958,sell
1738124992.678,binance,btcusdt,102133.32,6e-05,sell
1738124992.678,binance,btcusdt,102133.32,6e-05,sell
1738124992.678,binance,btcusdt,102133.32,6e-05,sell
1738124992.678,binance,btcusdt,102133.32,6e-05,sell
1738124992.678,binance,btcusdt,102133.32,6e-05,sell
1738124992.678,binance,btcusdt,102133.32,0.00044,sell
1738124992.678,binance,btcusdt,102133.32,5e-05,sell
1738124992.678,binance,btcusdt,102133.32,0.00149,sell
1738124992.678,binance,btcusdt,102133.32,0.00014,sell
1738124992.678,binance,btcusdt,102133.32,0.00071,sell
1738124992.678,binance,btcusdt,102133.32,0.01778,sell
1738124992.678,binance,btcusdt,102133.32,0.00011,sell
1738124992.678,binance,btcusdt,102133.32,0.00023,sell
1738124992.678,binance,btcusdt,102133.32,0.00013,sell
1738124992.678,binance,btcusdt,102133.32,0.00031,sell
1738124992.678,binance,btcusdt,102133.32,0.00148,sell
1738124992.678,binance,btcusdt,102133.32,0.01,sell
1738124992.678,binance,btcusdt,102133.32,0.00199,sell
1738124992.678,binance,btcusdt,102133.32,0.2398,sell
1738124992.678,binance,btcusdt,102133.32,0.03,sell
1738124992.698,binance,btcusdt,102133.32,0.00199,sell
1738124992.877,binance,btcusdt,102133.32,0.0002,sell
